Unnamed: 0,host_response_rate,host_acceptance_rate,host_is_superhost,host_listings_count,host_has_profile_pic,host_identity_verified,latitude,longitude,accommodates,bathrooms,bedrooms,beds,minimum_nights,maximum_nights,number_of_reviews,review_scores_rating,instant_bookable,area_sqmiles,NatWalkInd,host_response_time_ord,safety_amenities_count,convenience_amenities_count,room_type_Hotel room,room_type_Private room,room_type_Shared room,is_unique_stay,population_per_sqmile,crime_per_1000,host_years,price_per_person,log_dist_km_downtown,log_dist_km_airport,source_city_OAK,source_city_SD,source_city_SF,listing_age_years,reviews_per_year,stratify_col
0,1.0,1.0,1.0,7.0,1.0,1.0,37.81013,-122.29266,2,1.0,1.0,1.0,1,365,78,4.74,1.0,0.2763734688,16.666666666666668,0.0,4,5,0,1,0,0,8629.627186558653,207.54716981132077,16.98,62.5,1.0974421127638063,2.54275557463239,1,0,0,11.156164383561643,6.991650294695481,OAK_Private room
1,1.0,0.96,1.0,1.0,1.0,0.0,37.81266314006893,-122.25804724258587,2,1.0,0.0,1.0,4,29,333,4.97,0.0,0.0671605506,14.25,0.0,4,5,0,0,0,0,42807.86822495169,125.56521739130436,16.57,47.5,0.9062121008842722,2.4564508269906704,1,0,0,16.21095890410959,20.54165962480987,OAK_Entire home/apt
2,0.88,0.88,0.0,2.0,1.0,0.0,37.83169,-122.25175,2,1.0,0.0,2.0,4,365,147,4.53,0.0,0.2197993941,17.416666665,1.0,3,5,0,0,0,0,14353.997711952748,174.6434231378764,15.52,46.0,1.500450689937421,2.607291995582228,1,0,0,15.252054794520548,9.63804562601042,OAK_Entire home/apt
3,1.0,0.95,1.0,3.0,1.0,1.0,37.83618,-122.25581,4,1.0,2.0,2.0,5,60,50,4.73,0.0,0.4288957101,15.7916666675,0.0,2,7,0,0,0,0,13352.896438774616,176.00838135149294,15.38,62.5,1.5656519475480408,2.6482356843985024,1,0,0,14.186301369863012,3.5245268443414446,OAK_Entire home/apt
4,0.88,0.88,0.0,2.0,1.0,0.0,37.8345,-122.26264,2,1.5,2.0,2.0,21,180,4,4.25,0.0,0.3371934852,16.5416666675,1.0,2,3,0,0,0,0,16687.7482720713,361.6491913986138,15.52,83.5,1.4892070996918103,2.6463923392577735,1,0,0,13.052054794520547,0.3064651553316541,OAK_Entire home/apt
5,1.0,1.0,0.0,1.0,1.0,1.0,37.84219,-122.26779,4,1.0,2.0,3.0,7,29,42,4.9,0.0,0.3340309401,16.0,0.0,3,5,0,0,0,0,13184.407404540309,108.31062670299728,15.4,31.25,1.6518819588036369,2.7115149840468407,1,0,0,15.095890410958903,2.7822141560798546,OAK_Entire home/apt
6,1.0,0.86,1.0,2.0,1.0,1.0,37.80252,-122.20828,4,1.0,2.0,5.0,30,180,29,4.93,0.0,0.6500869947,13.266666666,0.0,4,6,0,0,0,0,8795.745871887075,86.39384400139909,15.1,42.5,1.8758701544201384,2.3113926369396927,1,0,0,6.838356164383562,4.240785256410256,OAK_Entire home/apt
7,1.0,1.0,1.0,4.0,1.0,1.0,37.7769,-122.18037,1,1.0,1.0,1.0,30,300,45,4.67,0.0,0.347930154,12.555555553333337,0.0,4,3,0,1,0,0,13632.046390552285,105.41851149061776,14.93,48.0,2.255562794907986,2.094840977854743,1,0,0,8.35068493150685,5.388779527559055,OAK_Private room
8,1.0,1.0,1.0,1.0,1.0,1.0,37.84211,-122.25203,2,1.0,1.0,1.0,3,60,257,4.88,0.0,0.4288957101,15.7916666675,2.0,2,6,0,0,0,0,13352.896438774616,176.00838135149294,14.5,70.0,1.7085168077093535,2.6878917790903216,1,0,0,14.36986301369863,17.88465204957102,OAK_Entire home/apt
9,-1.0,-1.0,0.0,1.0,1.0,1.0,37.83699,-122.21452,2,0.0,2.0,0.0,180,180,14,5.0,0.0,1.6033509063,9.277777777666666,-1.0,2,5,0,0,0,0,3528.235757856945,43.83949089623476,14.32,79.0,1.9679746621267369,2.629447611318243,1,0,0,8.698630136986301,1.609448818897638,OAK_Entire home/apt
10,0.25,0.0,0.0,1.0,1.0,0.0,37.81089,-122.25396,2,1.0,1.0,1.0,1,14,9,5.0,0.0,0.151667802,12.444444446666663,3.0,2,4,0,0,0,0,32320.63717782368,105.875152998776,14.27,72.0,0.9839041646057728,2.4309163522932207,1,0,0,10.830136986301367,0.8310144194282824,OAK_Entire home/apt
11,0.75,0.1,0.0,1.0,1.0,1.0,37.84419,-122.23405,4,1.5,2.0,2.0,3,10,310,4.92,0.0,0.7015541247,13.611111113333331,2.0,4,3,0,0,0,0,5003.177768359574,57.83475783475783,14.27,50.0,1.8714916392528484,2.688125802824578,1,0,0,14.213698630136989,21.80994602929838,OAK_Entire home/apt
12,1.0,1.0,0.0,1.0,1.0,1.0,37.77847,-122.17615,2,1.0,1.0,1.0,2,365,191,4.65,1.0,0.347930154,12.555555553333337,0.0,3,7,0,0,0,0,13632.046390552285,105.41851149061776,14.22,47.5,2.28538063513646,2.1358604896407996,1,0,0,14.12054794520548,13.52638727202173,OAK_Entire home/apt
13,1.0,1.0,1.0,2.0,1.0,1.0,37.80732,-122.24293,2,1.0,1.0,1.0,3,120,312,4.75,1.0,0.3312035298,15.45833333,0.0,4,6,0,1,0,0,14842.83697993366,114.32058584214808,14.09,33.0,1.2528008342740125,2.3749504525855087,1,0,0,13.95068493150685,22.36449332285939,OAK_Private room
14,-1.0,-1.0,0.0,2.0,1.0,1.0,37.83406,-122.26856,2,0.0,0.0,0.0,2,31,33,4.55,0.0,0.4436748459,14.805555556666668,-1.0,3,5,0,0,0,0,14715.731712839932,136.77439117782205,13.88,50.75,1.4609983218791511,2.6540857698985527,1,0,0,11.435616438356163,2.8857211308097748,OAK_Entire home/apt
15,-1.0,-1.0,0.0,1.0,1.0,1.0,37.83461,-122.25536,4,1.0,2.0,2.0,4,28,28,4.75,0.0,0.256223682,16.944444443333335,-1.0,2,5,0,0,0,0,11973.912700231978,254.5632333767927,13.65,31.0,1.5342933232040843,2.635487590905291,1,0,0,13.372602739726029,2.0938332308953083,OAK_Entire home/apt
16,1.0,0.43,0.0,4.0,1.0,1.0,37.84225,-122.26756,2,1.0,0.0,1.0,60,999,20,4.74,0.0,0.1150022015999999,16.083333335,0.0,1,2,0,1,0,0,17017.065523726462,89.93357179356157,13.54,34.5,1.6534355309392028,2.7115453236665923,1,0,0,13.306849315068494,1.5029853819229977,OAK_Private room
17,1.0,0.43,0.0,4.0,1.0,1.0,37.84214,-122.26748,3,1.0,1.0,2.0,30,365,8,4.88,0.0,0.1150022015999999,16.083333335,0.0,0,3,0,0,0,0,17017.065523726462,89.93357179356157,13.54,33.0,1.6512000522301469,2.7106313782156684,1,0,0,11.906849315068492,0.6718821905200184,OAK_Entire home/apt
19,-1.0,-1.0,0.0,1.0,1.0,1.0,37.85138,-122.23584,5,0.0,3.0,0.0,4,29,8,4.88,0.0,0.7015541247,13.611111113333331,-1.0,3,3,0,0,0,0,5003.177768359574,57.83475783475783,13.62,37.2,1.9570620622769173,2.741762765638605,1,0,0,11.509589041095891,0.6950726017614853,OAK_Entire home/apt
20,1.0,0.86,1.0,2.0,1.0,1.0,37.83885,-122.25628,4,1.0,2.0,3.0,3,14,245,4.85,0.0,0.4288957101,15.7916666675,0.0,4,5,0,0,0,0,13352.896438774616,176.00838135149294,13.81,41.75,1.619614998208573,2.6691303324956475,1,0,0,13.24109589041096,18.503000206910823,OAK_Entire home/apt
21,-1.0,0.0,0.0,1.0,1.0,1.0,37.79756,-122.22064,2,1.0,1.0,1.0,7,90,15,4.93,0.0,0.1884079197,14.916666665,-1.0,4,3,0,1,0,0,13035.545447933737,87.54071661237785,13.34,36.0,1.7049130697292747,2.248102056872854,1,0,0,13.052054794520547,1.149244332493703,OAK_Private room
22,1.0,0.0,0.0,1.0,1.0,1.0,37.81822,-122.23509,7,2.5,4.0,4.0,5,10,5,5.0,0.0,1.1767799043,13.555555555,1.0,4,6,0,0,0,0,5234.623719772167,2.2727272727272725,14.31,81.42857142857143,1.5089565077247833,2.4714608747192197,1,0,0,12.224657534246576,0.4090094128193635,OAK_Entire home/apt
23,1.0,0.39,0.0,1.0,1.0,1.0,37.83388,-122.27236,2,1.0,1.0,1.0,1,5,423,4.8,0.0,0.4436748459,14.805555556666668,1.0,3,2,0,1,0,0,14715.731712839932,136.77439117782205,15.19,27.5,1.454940274300617,2.6604672869160613,1,0,0,13.254794520547945,31.912980570483672,OAK_Private room
24,1.0,1.0,1.0,3.0,1.0,1.0,37.842,-122.25807,5,1.5,2.0,1.0,3,1125,42,4.9,0.0,0.4288957101,15.7916666675,0.0,4,6,0,0,0,0,13352.896438774616,176.00838135149294,14.95,41.6,1.675219272171411,2.6949509959350997,1,0,0,12.882191780821918,3.2603147596767332,OAK_Entire home/apt
25,1.0,0.82,0.0,2.0,1.0,0.0,37.84171,-122.25377,4,1.0,2.0,2.0,3,30,16,4.81,0.0,0.4288957101,15.7916666675,1.0,3,5,0,0,0,0,13352.896438774616,176.00838135149294,13.97,123.75,1.690926275345859,2.6870715696622582,1,0,0,6.9150684931506845,2.3137876386687797,OAK_Entire home/apt
26,1.0,0.88,1.0,3.0,1.0,1.0,37.7535,-122.16069,2,1.0,1.0,1.0,2,60,39,4.5,0.0,0.3130993008,12.7500000025,1.0,3,5,0,0,0,0,16164.20090070032,110.45247974708556,14.35,44.5,2.504246056828959,1.998897022342787,1,0,0,13.263013698630138,2.9405081594711833,OAK_Entire home/apt
27,-1.0,-1.0,0.0,1.0,1.0,1.0,37.85391,-122.21926,3,1.0,1.0,1.0,365,365,28,4.92,0.0,1.6033509063,9.277777777666666,-1.0,3,3,0,0,0,0,3528.235757856945,43.83949089623476,13.55,720.0,2.0979809444306174,2.7559649272549445,1,0,0,13.13972602739726,2.1309424520433695,OAK_Entire home/apt
28,0.8,0.58,1.0,1.0,1.0,1.0,37.8348,-122.18895,2,1.0,1.0,2.0,21,1125,37,4.7,0.0,1.8833618232,7.91666666575,2.0,4,4,0,0,0,0,2531.1121534259632,62.30333543108873,13.25,26.0,2.1942750312293327,2.6331933251497355,1,0,0,12.175342465753424,3.038928892889289,OAK_Entire home/apt
29,1.0,0.95,1.0,1.0,1.0,0.0,37.832,-122.20522,2,1.0,1.0,1.0,2,60,408,4.84,0.0,1.1891366487,13.9166666675,1.0,0,4,0,0,0,0,5077.633429766818,68.40013249420338,13.39,44.0,2.0222764629259817,2.5934298743099435,1,0,0,13.164383561643836,30.99271592091571,OAK_Entire home/apt
30,-1.0,0.5,0.0,1.0,1.0,1.0,37.82152,-122.25335,6,2.5,3.0,3.0,4,1125,20,4.95,0.0,0.1416932946,13.16666667,-1.0,3,5,0,0,0,0,21059.57101515515,176.27345844504023,13.17,116.5,1.2431180794433905,2.5253296176494993,1,0,0,7.742465753424658,2.583156404812456,OAK_Entire home/apt
31,-1.0,-1.0,0.0,1.0,1.0,1.0,37.78851,-122.20825,2,1.0,1.0,1.0,3,1125,4,5.0,0.0,0.3331795896,14.5,-1.0,2,4,0,0,0,0,18953.74205719353,98.3372921615202,14.44,150.0,1.9169404365813356,2.145336146098566,1,0,0,12.906849315068492,0.3099129696455105,OAK_Entire home/apt
32,1.0,0.5,1.0,1.0,1.0,1.0,37.82364,-122.25019,4,1.0,1.0,2.0,30,90,158,4.88,0.0,0.0888694092,16.25,0.0,4,5,0,0,0,0,29515.21815675579,147.9222264582539,13.55,36.0,1.3416650861907586,2.5383584583818775,1,0,0,12.991780821917809,12.161535217207929,OAK_Entire home/apt
33,-1.0,-1.0,0.0,1.0,1.0,1.0,37.82364,-122.24942,2,1.0,1.0,1.0,30,33,75,4.96,0.0,0.0888694092,16.25,-1.0,3,5,0,1,0,0,29515.21815675579,147.9222264582539,14.7,50.0,1.353235070732127,2.537189200167043,1,0,0,12.994520547945204,5.771663504111322,OAK_Private room
34,1.0,0.69,0.0,1.0,1.0,1.0,37.82987,-122.25396,4,2.0,2.0,4.0,3,60,123,4.92,0.0,0.2197993941,17.416666665,0.0,3,7,0,0,0,0,14353.997711952748,174.6434231378764,13.03,47.0,1.438184635682577,2.595919644456343,1,0,0,12.726027397260276,9.665231431646932,OAK_Entire home/apt
35,1.0,0.97,1.0,7.0,1.0,1.0,37.8271,-122.26424,4,1.0,1.0,2.0,2,60,512,4.96,0.0,0.3371934852,16.5416666675,0.0,3,2,0,0,0,0,16687.7482720713,361.6491913986138,12.98,31.0,1.2809910859125049,2.5921266638848435,1,0,0,12.972602739726028,39.46779303062302,OAK_Entire home/apt
36,1.0,0.62,0.0,1.0,1.0,1.0,37.81662,-122.23995,1,1.0,1.0,1.0,3,30,141,4.63,0.0,0.2519951148,16.166666665,2.0,4,4,0,0,0,0,15857.450265143,208.45845845845844,13.91,75.0,1.401283151514655,2.461437078785196,1,0,0,12.915068493150685,10.91747984726347,OAK_Entire home/apt
37,1.0,0.97,1.0,2.0,1.0,1.0,37.82983,-122.289,2,1.0,1.0,1.0,180,500,8,5.0,0.0,0.4197378042,17.916666665,1.0,4,8,0,0,0,0,9696.529498354868,13.022113022113022,13.4,48.5,1.4440049477199706,2.6716982362300006,1,0,0,12.917808219178085,0.6193001060445387,OAK_Entire home/apt
38,0.96,0.88,1.0,1.0,1.0,1.0,37.84358,-122.27254,1,1.0,1.0,1.0,1,6,706,4.88,0.0,0.3340309401,16.0,0.0,2,3,0,1,0,0,13184.407404540309,108.31062670299728,15.85,60.0,1.6794870273059144,2.729600239663997,1,0,0,10.084931506849315,70.0054333061668,OAK_Private room
39,1.0,0.97,1.0,2.0,1.0,1.0,37.85141,-122.24972,2,1.0,1.0,1.0,3,90,224,4.92,0.0,0.4188107781,15.166666666666666,1.0,2,5,0,0,0,0,8261.48748056778,2.3121387283236996,14.61,80.5,1.8809439235973904,2.752309437710997,1,0,0,12.745205479452055,17.57523645743766,OAK_Entire home/apt
40,1.0,0.6,1.0,2.0,1.0,1.0,37.8179,-122.24161,2,1.0,1.0,1.0,7,180,132,4.91,0.0,0.2519951148,16.166666665,0.0,4,5,0,0,0,0,15857.450265143,208.45845845845844,12.7,52.5,1.3861449027422137,2.4753414544436327,1,0,0,12.32054794520548,10.713809206137425,OAK_Entire home/apt
41,1.0,0.82,0.0,2.0,1.0,1.0,37.77718,-122.17872,4,1.5,2.0,2.0,3,12,100,4.84,0.0,0.347930154,12.555555553333337,1.0,4,6,0,0,0,0,13632.046390552285,105.41851149061776,12.81,42.75,2.268542185742692,2.1071052236358185,1,0,0,12.243835616438355,8.167375251734168,OAK_Entire home/apt
42,1.0,0.98,1.0,2.0,1.0,1.0,37.8439,-122.25837,4,0.0,1.0,0.0,2,12,528,4.86,0.0,0.2765008818,17.61111111,0.0,3,7,0,0,0,0,15895.066848933284,76.45051194539249,12.97,34.625,1.7115370281985305,2.709136457517184,1,0,0,12.536986301369865,42.11538461538461,OAK_Entire home/apt
43,0.0,-1.0,0.0,2.0,1.0,1.0,37.80438,-122.23975,2,1.0,1.0,0.0,2,30,11,4.64,0.0,0.3312035298,15.45833333,3.0,2,4,0,0,0,0,14842.83697993366,114.32058584214808,12.73,66.5,1.3238351396451895,2.3395685136960673,1,0,0,12.550684931506847,0.8764461907880375,OAK_Entire home/apt
44,1.0,0.88,1.0,1.0,1.0,1.0,37.85094,-122.26846,1,1.0,1.0,2.0,1,14,178,4.96,0.0,0.2283488064,14.833333336666668,0.0,3,3,0,1,0,0,16737.551906905872,68.02721088435375,12.66,69.0,1.8220966887138363,2.7726568680542676,1,0,0,12.47945205479452,14.26344676180022,OAK_Private room
45,-1.0,1.0,0.0,3.0,1.0,1.0,37.83044,-122.25424,2,1.5,1.0,1.0,2,30,210,4.92,0.0,0.2197993941,17.416666665,-1.0,4,5,0,1,0,0,14353.997711952748,174.6434231378764,12.64,40.0,1.4487638629400412,2.600932582379647,1,0,0,12.336986301369864,17.021985343104596,OAK_Private room
46,1.0,0.0,0.0,1.0,1.0,1.0,37.84064,-122.22655,6,2.0,3.0,3.0,30,40,29,4.9,0.0,1.0533676725,14.666666666666666,2.0,3,7,0,0,0,0,3402.4207250389104,88.44866071428571,15.27,76.0,1.8904895270814783,2.6581271016526062,1,0,0,12.495890410958904,2.320762990572243,OAK_Entire home/apt
47,1.0,0.5,0.0,1.0,1.0,1.0,37.82897,-122.18938,8,4.0,4.0,4.0,3,8,28,4.79,0.0,1.8833618232,7.91666666575,2.0,3,5,0,0,0,0,2531.1121534259632,62.30333543108873,12.54,50.625,2.161666906470691,2.586076480908069,1,0,0,12.106849315068493,2.3127404390133517,OAK_Entire home/apt
48,1.0,1.0,0.0,1.0,1.0,0.0,37.80936,-122.25835,2,1.0,1.0,2.0,30,365,5,4.6,0.0,0.0671605506,14.25,2.0,4,8,0,0,0,0,42807.86822495169,125.56521739130436,12.56,50.0,0.8125586143623622,2.4268247923109443,1,0,0,12.145205479452056,0.4116850891044439,OAK_Entire home/apt
49,1.0,0.95,1.0,2.0,1.0,1.0,37.76864,-122.13648,2,1.0,1.0,2.0,2,120,441,4.98,0.0,1.6661060559,11.9166666675,0.0,4,5,0,0,0,0,2343.1881699098262,80.68647540983606,12.38,53.0,2.6013820489159523,2.311448272188782,1,0,0,11.131506849315068,39.6172778734925,OAK_Entire home/apt
50,1.0,0.86,1.0,1.0,1.0,1.0,37.839237213134766,-122.27417755126952,2,1.0,1.0,1.0,5,90,58,4.78,0.0,0.3340309401,16.0,1.0,3,6,0,0,0,0,13184.407404540309,108.31062670299728,12.37,45.5,1.586648450104158,2.702535554640289,1,0,0,12.32054794520548,4.707582832999778,OAK_Entire home/apt
51,1.0,0.0,0.0,1.0,1.0,1.0,37.79345,-122.18118,4,1.0,2.0,2.0,3,365,46,4.96,0.0,0.4243617377999999,14.555555556666668,0.0,4,6,0,0,0,0,7307.444860784054,127.70074169622704,12.64,20.25,2.196855535879265,2.2760426052591844,1,0,0,12.32876712328767,3.7311111111111113,OAK_Entire home/apt
52,1.0,0.91,0.0,1.0,1.0,1.0,37.84274,-122.25274,2,1.0,1.0,1.0,3,30,452,4.89,0.0,0.4288957101,15.7916666675,0.0,3,5,0,0,0,0,13352.896438774616,176.00838135149294,13.18,58.0,1.7162143573197517,2.6934002409347704,1,0,0,12.273972602739724,36.82589285714286,OAK_Entire home/apt
53,1.0,0.92,1.0,2.0,1.0,0.0,37.79135,-122.18273,6,2.5,3.0,4.0,2,30,26,4.85,0.0,0.4243617377999999,14.555555556666668,0.0,4,9,0,0,0,0,7307.444860784054,127.70074169622704,12.3,53.666666666666664,2.186231497306912,2.248093240325993,1,0,0,4.2246575342465755,6.154345006485084,OAK_Entire home/apt
54,1.0,0.53,1.0,2.0,1.0,1.0,37.84167,-122.28449,2,1.0,1.0,1.0,2,7,428,4.94,0.0,0.2797804152,16.166666666666668,0.0,2,5,0,0,0,0,16380.703405289676,62.62273619899629,14.59,31.0,1.6698204666368932,2.740680998258854,1,0,0,12.156164383561643,35.20847419427541,OAK_Entire home/apt
56,1.0,0.96,1.0,8.0,1.0,1.0,37.83837,-122.28464,2,1.0,1.0,1.0,3,730,241,4.95,0.0,0.1576608462,15.25,0.0,4,5,0,0,0,0,17455.189835204626,62.13662790697674,12.72,78.5,1.6020691142543564,2.718989264924477,1,0,0,12.169863013698633,19.803016659162537,OAK_Entire home/apt
57,0.0,0.0,0.0,2.0,1.0,1.0,37.84902,-122.24184,1,1.0,1.0,1.0,14,1125,11,4.64,0.0,0.7015541247,13.611111113333331,3.0,1,2,0,1,0,0,5003.177768359574,57.83475783475783,12.32,80.0,1.8860309167778773,2.728599405083186,1,0,0,12.202739726027398,0.9014369106421194,OAK_Private room
58,1.0,0.96,1.0,1.0,1.0,1.0,37.83123,-122.25309,2,2.0,1.0,1.0,2,1125,174,4.93,0.0,0.2197993941,17.416666665,2.0,2,6,0,1,0,0,14353.997711952748,174.6434231378764,12.22,27.5,1.477604885972332,2.605533660863607,1,0,0,12.167123287671233,14.300833145687909,OAK_Private room
59,1.0,0.57,0.0,2.0,1.0,1.0,37.8038,-122.22456,2,1.0,2.0,2.0,7,1125,48,4.83,0.0,0.3904181424,15.708333335,0.0,4,4,0,0,0,0,12289.387912419925,95.66486035848273,12.92,74.5,1.6278335288347172,2.3193882155856267,1,0,0,12.07123287671233,3.976395823876531,OAK_Entire home/apt
60,0.75,0.5,0.0,1.0,1.0,1.0,37.80127,-122.27535,3,0.0,1.0,0.0,5,365,10,5.0,0.0,0.1339195572,19.0,2.0,3,7,0,0,0,0,16233.625957658109,347.2861085556578,12.2,31.666666666666668,0.4086901453260856,2.4062963306793805,1,0,0,4.049315068493151,2.469553450608931,OAK_Entire home/apt
61,1.0,0.93,0.0,2.0,1.0,1.0,37.84068,-122.21211,5,1.0,2.0,3.0,1,1125,687,4.78,1.0,1.6033509063,9.277777777666666,0.0,4,5,0,0,0,0,3528.235757856945,43.83949089623476,12.17,21.0,2.0244779536655395,2.65932065839861,1,0,0,11.942465753424658,57.52580867171369,OAK_Entire home/apt
62,1.0,1.0,0.0,2.0,1.0,1.0,37.83197,-122.26973,2,0.0,1.0,0.0,3,70,209,4.77,0.0,0.4436748459,14.805555556666668,1.0,4,6,0,0,0,0,14715.731712839932,136.77439117782205,12.16,50.75,1.404279998840237,2.640870662585233,1,0,0,11.665753424657536,17.915688116486614,OAK_Entire home/apt
63,-1.0,0.5,0.0,1.0,1.0,1.0,37.80413,-122.21065,2,1.0,1.0,1.0,10,60,33,4.97,0.0,0.2426275566,14.083333335,-1.0,4,6,0,0,0,0,10806.68674549064,120.13729977116704,12.15,75.0,1.8428468429863096,2.3266628202232336,1,0,0,11.936986301369863,2.764516869405554,OAK_Entire home/apt
64,1.0,0.99,1.0,7.0,1.0,0.0,37.85769,-122.23717,8,2.0,2.0,2.0,2,730,289,4.87,0.0,2.6817946155,10.16666667,0.0,2,6,0,0,0,0,1153.7050533689537,31.351001939237232,12.27,19.125,2.0331644328733733,2.786476431063936,1,0,0,12.10958904109589,23.865384615384613,OAK_Entire home/apt
65,0.9,0.55,1.0,31.0,1.0,1.0,37.81702,-122.23675,2,1.0,1.0,2.0,30,1125,20,4.83,0.0,0.2519951148,16.166666665,1.0,2,4,0,0,0,0,15857.450265143,208.45845845845844,12.32,125.0,1.4662582899050842,2.4617457988860627,1,0,0,11.805479452054794,1.6941285681132514,OAK_Entire home/apt
66,0.94,0.99,1.0,15.0,1.0,1.0,37.82953,-122.27458,2,1.0,1.0,1.0,2,60,264,4.81,0.0,0.4436748459,14.805555556666668,0.0,4,5,0,0,0,0,14715.731712839932,136.77439117782205,13.01,43.0,1.3389525078308575,2.6332786225521945,1,0,0,12.065753424657537,21.88010899182561,OAK_Entire home/apt
67,1.0,0.98,1.0,2.0,1.0,1.0,37.81646,-122.25047,2,1.0,1.0,1.0,1,1125,221,4.81,0.0,0.19038591,16.222222220000003,0.0,3,5,0,0,0,0,20295.61956554453,74.53416149068323,12.1,69.5,1.18172257639168,2.475497798769515,1,0,0,11.854794520547944,18.64224636006471,OAK_Entire home/apt
68,1.0,0.75,1.0,3.0,1.0,1.0,37.75141,-122.18616,1,2.0,1.0,1.0,1,28,234,4.85,0.0,0.3230155071,14.666666666666666,1.0,3,6,0,1,0,0,13937.411365845848,135.93958240781876,12.26,63.0,2.3523631944239556,1.7085256357372534,1,0,0,11.169863013698633,20.94922737306843,OAK_Private room
69,1.0,0.99,1.0,4.0,1.0,0.0,37.85281,-122.25686,2,1.0,1.0,1.0,2,14,848,4.89,0.0,0.2765008818,17.61111111,0.0,4,5,0,1,0,0,15895.066848933284,76.45051194539249,12.42,44.5,1.876630498808147,2.7696047178355903,1,0,0,11.947945205479453,70.97454712221968,OAK_Private room
70,1.0,0.95,1.0,1.0,1.0,1.0,37.80495,-122.27605,1,1.0,1.0,1.0,2,90,465,4.91,0.0,0.1339195572,19.0,0.0,3,6,0,1,0,0,16233.625957658109,347.2861085556578,12.67,69.0,0.3620928424151873,2.440869522258755,1,0,0,11.942465753424658,38.936682725395734,OAK_Private room
71,1.0,0.96,1.0,8.0,1.0,1.0,37.83807,-122.28293,2,1.0,1.0,1.0,3,1125,20,4.8,0.0,0.1576608462,15.25,0.0,4,5,0,0,0,0,17455.189835204626,62.13662790697674,12.72,78.5,1.5869488517039425,2.7130651817785902,1,0,0,11.904109589041097,1.680092059838895,OAK_Entire home/apt
72,0.9,0.55,1.0,31.0,1.0,1.0,37.81618,-122.23746,2,1.0,0.0,1.0,14,500,55,4.75,0.0,0.2519951148,16.166666665,1.0,3,6,0,0,0,0,15857.450265143,208.45845845845844,12.32,72.5,1.4439843903636758,2.4545384529144134,1,0,0,12.0,4.583333333333333,OAK_Entire home/apt
73,1.0,0.55,0.0,1.0,1.0,1.0,37.80343,-122.27158,2,0.0,1.0,0.0,7,90,7,4.71,0.0,0.1360593234,16.083333335,1.0,2,6,0,0,0,1,22967.92253488452,510.08,14.56,75.0,0.1047208122054205,2.411876991381658,1,0,0,1.7232876712328766,4.0620031796502385,OAK_Entire home/apt
74,1.0,0.5,0.0,5.0,1.0,1.0,37.79368,-122.27633,12,1.0,3.0,5.0,2,1125,20,4.5,0.0,0.1909426662,19.66666667,1.0,4,5,0,0,0,1,5436.18679186538,1580.9248554913297,11.95,22.25,0.8207063200999687,2.3421116564963063,1,0,0,11.736986301369862,1.7040149393090571,OAK_Entire home/apt
75,1.0,-1.0,0.0,1.0,1.0,1.0,37.82427,-122.25347,1,1.0,2.0,1.0,3,1125,26,4.81,0.0,0.1416932946,13.16666667,2.0,2,3,0,1,0,0,21059.57101515515,176.27345844504023,12.93,67.0,1.3093665854624357,2.548975413306902,1,0,0,11.841095890410958,2.1957427117075428,OAK_Private room
76,1.0,0.55,1.0,1.0,1.0,1.0,37.85001,-122.26743,1,1.0,1.0,1.0,3,30,216,4.9,0.0,0.2283488064,14.833333336666668,2.0,1,3,0,1,0,0,16737.551906905872,68.02721088435375,11.92,57.0,1.8060737149460553,2.7648495412541467,1,0,0,11.86027397260274,18.212058212058217,OAK_Private room
77,1.0,1.0,1.0,1.0,1.0,1.0,37.8271117071771,-122.26276869854117,2,1.0,1.0,1.0,2,30,390,4.99,0.0,0.3371934852,16.5416666675,0.0,4,3,0,1,0,0,16687.7482720713,361.6491913986138,12.22,36.0,1.2904946327639395,2.589272793954937,1,0,0,6.895890410958904,56.5554231227652,OAK_Private room
78,-1.0,0.0,0.0,1.0,1.0,1.0,37.83207,-122.18558,4,1.0,1.0,1.0,3,1125,133,4.75,0.0,1.8833618232,7.91666666575,-1.0,4,2,0,0,0,0,2531.1121534259632,62.30333543108873,11.99,16.75,2.2107611849831663,2.6167406059351888,1,0,0,11.443835616438356,11.62197749581039,OAK_Entire home/apt
79,1.0,0.74,0.0,7.0,1.0,1.0,37.83624,-122.27216,6,2.0,3.0,3.0,3,20,114,4.8,0.0,0.4436748459,14.805555556666668,0.0,4,5,0,0,0,0,14715.731712839932,136.77439117782205,11.92,45.833333333333336,1.5142545836754744,2.677186910908769,1,0,0,11.827397260273973,9.638637943015985,OAK_Entire home/apt
80,1.0,0.98,1.0,2.0,1.0,1.0,37.80668,-122.2162,2,1.0,1.0,1.0,2,1125,327,4.87,0.0,0.3904181424,15.708333335,0.0,2,6,0,0,0,0,12289.387912419925,95.66486035848273,13.16,32.5,1.763639567578592,2.350666190243402,1,0,0,11.07945205479452,29.514094955489615,OAK_Entire home/apt
81,1.0,0.5,0.0,1.0,1.0,1.0,37.8175,-122.19134,2,1.0,1.0,1.0,10,90,122,4.93,0.0,1.8833618232,7.91666666575,1.0,4,4,0,0,0,0,2531.1121534259632,62.30333543108873,11.84,72.5,2.0993596790197904,2.4846417573837645,1,0,0,11.810958904109588,10.329389932730226,OAK_Entire home/apt
82,1.0,1.0,0.0,1.0,1.0,1.0,37.84916,-122.25684,2,1.0,1.0,1.0,5,731,78,4.78,0.0,0.2765008818,17.61111111,1.0,1,3,0,0,0,0,15895.066848933284,76.45051194539249,12.55,49.0,1.8144059295299937,2.7444179510263504,1,0,0,11.747945205479452,6.639458955223881,OAK_Entire home/apt
83,1.0,1.0,1.0,1.0,1.0,1.0,37.83966,-122.25546,2,1.0,1.0,1.0,2,21,548,4.97,0.0,0.4288957101,15.7916666675,0.0,4,6,0,0,0,0,13352.896438774616,176.00838135149294,15.13,97.5,1.6408974427584109,2.674052677194881,1,0,0,11.68219178082192,46.90900562851782,OAK_Entire home/apt
84,1.0,0.0,0.0,1.0,1.0,0.0,37.80807,-122.21471,5,1.0,2.0,2.0,2,1125,18,4.94,0.0,0.2426275566,14.083333335,1.0,4,5,0,0,0,0,10806.68674549064,120.13729977116704,12.48,32.4,1.7875394210198994,2.3658782692661795,1,0,0,9.747945205479452,1.846543001686341,OAK_Entire home/apt
85,-1.0,0.0,0.0,1.0,1.0,1.0,37.8415,-122.20878,6,2.0,3.0,3.0,45,300,20,4.75,0.0,1.1891366487,13.9166666675,-1.0,2,6,0,0,0,0,5077.633429766818,68.40013249420338,15.42,29.333333333333332,2.0617559450186915,2.6670587594313475,1,0,0,11.41095890410959,1.7527010804321728,OAK_Entire home/apt
86,-1.0,-1.0,0.0,1.0,1.0,1.0,37.84021,-122.19898,6,3.0,4.0,6.0,5,14,1,4.0,0.0,1.1891366487,13.9166666675,-1.0,2,3,0,0,0,0,5077.633429766818,68.40013249420338,11.7,44.333333333333336,2.1385989612654788,2.663820784113468,1,0,0,11.126027397260271,0.0898793400640236,OAK_Entire home/apt
87,-1.0,-1.0,0.0,2.0,1.0,1.0,37.77995,-122.16511,1,1.0,1.0,1.0,7,365,9,4.78,0.0,3.4506868968,9.125000001,-1.0,3,6,0,1,0,0,2188.5497658461445,58.79237288135594,11.68,65.0,2.370640586091989,2.2136027272799974,1,0,0,10.10958904109589,0.8902439024390244,OAK_Private room
88,1.0,0.75,0.0,1.0,1.0,1.0,37.83851,-122.28357,2,1.0,1.0,1.0,5,180,4,5.0,0.0,0.1576608462,15.25,0.0,4,5,0,0,0,0,17455.189835204626,62.13662790697674,13.24,55.0,1.5996203393692867,2.7174956556855956,1,0,0,3.0,1.3333333333333333,OAK_Entire home/apt
89,1.0,-1.0,0.0,2.0,1.0,1.0,37.81003,-122.21205,1,1.0,1.0,1.0,24,1125,74,4.81,0.0,0.2426275566,14.083333335,2.0,4,5,0,1,0,0,10806.68674549064,120.13729977116704,11.62,61.0,1.8292747188985472,2.387523682353396,1,0,0,11.391780821917807,6.495911495911496,OAK_Private room
90,1.0,1.0,0.0,2.0,1.0,1.0,37.804893,-122.224312,2,0.0,0.0,0.0,1,28,197,4.8,0.0,0.3904181424,15.708333335,1.0,4,5,0,1,0,0,12289.387912419925,95.66486035848273,11.59,49.5,1.6320875442541145,2.3311887305298864,1,0,0,11.312328767123288,17.414628239283118,OAK_Private room
91,1.0,0.94,1.0,1.0,1.0,1.0,37.811,-122.21906,3,1.0,0.0,2.0,2,7,526,4.92,0.0,0.3091417758,14.555555556666668,0.0,4,5,0,0,0,0,11871.575721213152,149.86376021798364,12.45,33.333333333333336,1.7289144354581745,2.3947453862681076,1,0,0,11.512328767123288,45.69014754878629,OAK_Entire home/apt
92,-1.0,-1.0,0.0,1.0,1.0,1.0,37.84535,-122.24218,4,0.0,3.0,0.0,4,1125,9,4.78,1.0,0.7015541247,13.611111113333331,-1.0,3,3,0,0,0,0,5003.177768359574,57.83475783475783,14.46,46.5,1.8277063030464096,2.702089510243019,1,0,0,10.342465753424657,0.8701986754966888,OAK_Entire home/apt
93,1.0,0.97,1.0,2.0,1.0,1.0,37.80296,-122.20793,6,0.0,3.0,0.0,7,28,26,5.0,0.0,0.6500869947,13.266666666,0.0,3,6,0,0,0,0,8795.745871887075,86.39384400139909,12.93,18.0,1.8803230179485233,2.3165664899353393,1,0,0,11.38082191780822,2.2845450168512276,OAK_Entire home/apt
94,1.0,0.97,1.0,2.0,1.0,1.0,37.80233,-122.21015,3,1.0,0.0,2.0,2,1125,303,4.96,0.0,0.6500869947,13.266666666,0.0,4,4,0,0,0,1,8795.745871887075,86.39384400139909,12.93,48.0,1.8505271937374197,2.307469619368895,1,0,0,11.33972602739726,26.720222275912057,OAK_Entire home/apt
95,0.94,0.99,1.0,15.0,1.0,1.0,37.83,-122.27602,2,1.0,1.0,1.0,2,1125,267,4.79,0.0,0.4436748459,14.805555556666668,0.0,4,5,0,0,0,0,14715.731712839932,136.77439117782205,13.01,39.5,1.3566305243372614,2.6401011660307736,1,0,0,11.435616438356163,23.348107331097268,OAK_Entire home/apt
96,0.92,0.68,1.0,1.0,1.0,0.0,37.82143,-122.25085,1,1.0,1.0,1.0,1,1125,345,4.97,0.0,0.1416932946,13.16666667,2.0,3,4,0,1,0,0,21059.57101515515,176.27345844504023,11.57,90.0,1.2819858068037258,2.5203232931514803,1,0,0,11.391780821917807,30.284992784992788,OAK_Private room
97,1.0,0.14,0.0,1.0,1.0,1.0,37.81461,-122.23442,6,2.5,3.0,3.0,3,90,9,5.0,0.0,0.2519951148,16.166666665,1.0,4,7,0,0,0,0,15857.450265143,208.45845845845844,11.38,79.16666666666667,1.486429542215728,2.4366097061110223,1,0,0,10.150684931506849,0.8866396761133604,OAK_Entire home/apt
98,1.0,1.0,1.0,1.0,1.0,1.0,37.8488,-122.25746,8,1.0,2.0,4.0,1,29,293,4.81,0.0,0.2765008818,17.61111111,0.0,3,6,0,0,0,0,15895.066848933284,76.45051194539249,13.25,25.5,1.8059061803245884,2.7426746973029905,1,0,0,11.208219178082192,26.14153018821804,OAK_Entire home/apt
99,1.0,0.92,0.0,1.0,1.0,1.0,37.84637,-122.24409,1,1.0,0.0,1.0,5,30,96,4.88,0.0,0.7015541247,13.611111113333331,2.0,2,3,0,0,0,0,5003.177768359574,57.83475783475783,12.96,85.0,1.8311036582901303,2.711157871036602,1,0,0,11.295890410958904,8.49866601988843,OAK_Entire home/apt
100,-1.0,0.0,0.0,1.0,1.0,1.0,37.77329,-122.19074,2,1.0,1.0,1.0,2,90,241,4.71,0.0,0.3530046663,13.916666665,-1.0,4,4,0,1,0,0,12070.66196790385,96.69091762497068,12.58,15.0,2.182064777184352,1.9945030596586188,1,0,0,11.169863013698633,21.575913662006375,OAK_Private room
101,1.0,1.0,1.0,1.0,1.0,1.0,37.81194,-122.23972,2,1.0,1.0,1.0,5,28,332,4.98,0.0,0.485142372,14.199999998,0.0,4,4,0,0,0,0,9174.626371328372,50.5504381037969,11.33,70.0,1.3574100084642389,2.416334213265359,1,0,0,11.224657534246576,29.57773980961679,OAK_Entire home/apt
