OBJECTID,GEOID10,GEOID20,STATEFP,COUNTYFP,TRACTCE,BLKGRPCE,CSA,CSA_Name,CBSA,CBSA_Name,CBSA_POP,CBSA_EMP,CBSA_WRK,Ac_Total,Ac_Water,Ac_Land,Ac_Unpr,TotPop,CountHU,HH,P_WrkAge,AutoOwn0,Pct_AO0,AutoOwn1,Pct_AO1,AutoOwn2p,Pct_AO2p,Workers,R_LowWageWk,R_MedWageWk,R_HiWageWk,R_PCTLOWWAGE,TotEmp,E5_Ret,E5_Off,E5_Ind,E5_Svc,E5_Ent,E8_Ret,E8_off,E8_Ind,E8_Svc,E8_Ent,E8_Ed,E8_Hlth,E8_Pub,E_LowWageWk,E_MedWageWk,E_HiWageWk,E_PctLowWage,D1A,D1B,D1C,D1C5_RET,D1C5_OFF,D1C5_IND,D1C5_SVC,D1C5_ENT,D1C8_RET,D1C8_OFF,D1C8_IND,D1C8_SVC,D1C8_ENT,D1C8_ED,D1C8_HLTH,D1C8_PUB,D1D,D1_FLAG,D2A_JPHH,D2B_E5MIX,D2B_E5MIXA,D2B_E8MIX,D2B_E8MIXA,D2A_EPHHM,D2C_TRPMX1,D2C_TRPMX2,D2C_TRIPEQ,D2R_JOBPOP,D2R_WRKEMP,D2A_WRKEMP,D2C_WREMLX,D3A,D3AAO,D3AMM,D3APO,D3B,D3BAO,D3BMM3,D3BMM4,D3BPO3,D3BPO4,D4A,D4B025,D4B050,D4C,D4D,D4E,D5AR,D5AE,D5BR,D5BE,D5CR,D5CRI,D5CE,D5CEI,D5DR,D5DRI,D5DE,D5DEI,D2A_Ranked,D2B_Ranked,D3B_Ranked,D4A_Ranked,NatWalkInd,Shape_Length,Shape_Area
1,481130000000.0,481130000000.0,48,113,7825,4,206.0,"Dallas-Fort Worth, TX-OK",19100.0,"Dallas-Fort Worth-Arlington, TX",7189384,3545715,3364458,73.5950285,0.0,73.5950285,73.5950285,1202,460.0,423.0,0.549,69,0.163120567,39,0.092198582,315,0.744680851,412,99,122,191,0.240291262,66,20,3,0,19,24,20,3,0,15,24,0,4,0,21,27,18,0.318181818,6.250422201,16.33262497,0.896799707,0.271757487,0.040763623,0.0,0.258169613,0.326108984,0.271757487,0.040763623,0.0,0.203818115,0.326108984,0.0,0.054351497,0.0,7.147221908,0,0.156028369,0.886263937,0.763386204,0.855441777,0.662091432,0.348911599,0.526295799,0.585916036,0.287128311,0.104100946,0.276150628,6.242424242,0.005287423,23.53489981,0.0,10.65527725,12.87962256,115.9817473,0.0,60.87367709,8.696239584,34.78495833,43.48119792,362.1,0.0,0.0,4.33,37.6547174,0.003602329,433601,303660,135362,53504,0.000397944,0.785893462,0.000357645,0.841298602,0.000525075,0.184696707,0.000475598,0.137706673,6,14,15,17,14.0,3110.36082,297836.0831
2,481130000000.0,481130000000.0,48,113,7825,2,206.0,"Dallas-Fort Worth, TX-OK",19100.0,"Dallas-Fort Worth-Arlington, TX",7189384,3545715,3364458,119.8299095,0.0,119.8299095,119.2142,710,409.0,409.0,0.466,0,0.0,168,0.410757946,241,0.589242054,395,76,107,212,0.192405063,25,7,0,3,15,0,7,0,3,13,0,0,2,0,10,4,11,0.4,3.430799351,5.955666355,0.209706562,0.058717837,0.0,0.025164787,0.125823937,0.0,0.058717837,0.0,0.025164787,0.109047412,0.0,0.0,0.016776525,0.0,3.640505913,0,0.061124694,0.835014679,0.569986193,0.831686329,0.554457553,0.197047324,0.24848111,0.271309324,0.00203268,0.068027211,0.119047619,15.8,3.7363e-07,22.89336566,0.755137051,2.859482038,19.27874657,80.14560004,5.340903641,10.68180728,10.68180728,85.45445826,5.340903641,718.84,0.0,0.009516414,4.33,23.12611277,0.006098592,386504,272135,236885,90089,0.00035472,0.700531057,0.000320516,0.7539577,0.000918888,0.323221283,0.000800804,0.231867832,3,10,12,14,10.83333333,3519.46911,484945.1466
3,481130000000.0,481130000000.0,48,113,7825,3,206.0,"Dallas-Fort Worth, TX-OK",19100.0,"Dallas-Fort Worth-Arlington, TX",7189384,3545715,3364458,26.3670526,0.0,26.3670526,26.36705,737,365.0,329.0,0.811,19,0.05775076,143,0.434650456,167,0.507598784,463,136,189,138,0.293736501,0,0,0,0,0,0,0,0,0,0,0,0,0,0,0,0,0,0.0,13.84303515,27.95155317,0.0,0.0,0.0,0.0,0.0,0.0,0.0,0.0,0.0,0.0,0.0,0.0,0.0,0.0,13.84303515,0,0.0,0.0,0.0,0.0,0.0,0.0,0.0,0.0,0.367879441,0.0,1.0,0.0,0.0,14.21050888,6.128365271,2.611429576,5.470714031,24.27271678,24.27271678,0.0,24.27271678,0.0,0.0,398.31,0.0,0.0,3.0,72.81815033,0.004070556,404573,288925,230587,82815,0.000371303,0.733280771,0.000340291,0.800474869,0.000894457,0.314627883,0.000736145,0.213146272,1,1,7,17,8.333333333,1697.091802,106705.9281
4,481130000000.0,481130000000.0,48,113,7824,1,206.0,"Dallas-Fort Worth, TX-OK",19100.0,"Dallas-Fort Worth-Arlington, TX",7189384,3545715,3364458,119.0606872,0.0,119.0606872,119.0606872,904,384.0,384.0,0.638,0,0.0,43,0.111979167,341,0.888020833,431,60,69,302,0.139211137,253,26,0,25,47,155,26,0,25,3,155,2,42,0,121,87,45,0.47826087,3.225245957,7.592766523,2.124966737,0.218376028,0.0,0.20997695,0.394756667,1.301857092,0.218376028,0.0,0.20997695,0.025197234,1.301857092,0.016798156,0.352761277,0.0,5.350212694,0,0.658854167,0.775740273,0.668186301,0.642753699,0.553831403,0.682829823,0.620718568,0.677942635,0.59635098,0.437337943,0.739766082,1.703557312,0.494821933,32.17837344,2.208593582,9.323546717,20.64623315,141.6044237,21.50163971,21.50163971,32.25245957,134.3852482,5.375409928,386.24,0.0,0.515376911,6.67,35.85398422,0.007378319,423099,298058,168433,79657,0.000388306,0.76685879,0.000351047,0.825778103,0.000653359,0.229820928,0.000708073,0.205018325,16,10,17,17,15.66666667,2922.609204,481828.4303
5,481130000000.0,481130000000.0,48,113,7824,2,206.0,"Dallas-Fort Worth, TX-OK",19100.0,"Dallas-Fort Worth-Arlington, TX",7189384,3545715,3364458,169.9272106,0.0,169.9272106,148.74292,948,343.0,343.0,0.506,5,0.014577259,67,0.195335277,271,0.790087464,579,91,84,404,0.15716753,32,0,2,10,20,0,0,2,10,19,0,0,1,0,6,9,17,0.1875,2.30599211,6.373412597,0.21513629,0.0,0.013446018,0.067230091,0.134460181,0.0,0.0,0.013446018,0.067230091,0.127737172,0.0,0.0,0.006723009,0.0,2.521128401,0,0.093294461,0.755975243,0.516033383,0.688595255,0.459063503,0.261471982,0.247735303,0.258986283,0.007902649,0.065306122,0.104746318,18.09375,3.76946e-08,22.05865085,2.289659156,3.176070291,16.5929214,65.3079631,3.766318518,0.0,7.532637036,75.32637036,7.532637036,638.37,0.0,0.248922255,6.67,25.12134452,0.007035865,335700,238166,120826,48682,0.000308094,0.608449785,0.000280508,0.659845626,0.000468689,0.164862844,0.000432736,0.125295983,4,7,11,14,10.16666667,3731.971773,687684.7752
6,481130000000.0,481130000000.0,48,113,7827,1,206.0,"Dallas-Fort Worth, TX-OK",19100.0,"Dallas-Fort Worth-Arlington, TX",7189384,3545715,3364458,50.6871288,0.0,50.6871288,50.68713,1336,556.0,497.0,0.588,33,0.06639839,351,0.706237425,113,0.227364185,586,143,237,206,0.244027304,3,0,1,0,2,0,0,1,0,2,0,0,0,0,2,1,0,0.666666667,10.96925393,26.35777563,0.059186622,0.0,0.019728874,0.0,0.039457748,0.0,0.0,0.019728874,0.0,0.039457748,0.0,0.0,0.0,0.0,11.02844055,0,0.006036217,0.918295834,0.395488489,0.918295834,0.306098611,0.03686198,0.036887386,0.041066091,0.0,0.004480956,0.010186757,195.3333333,0.0,23.21342269,15.03475527,6.40123769,1.777429733,8.421861922,50.50591858,12.62647964,0.0,0.0,0.0,950.85,0.0,0.094844428,3.0,37.87943893,0.002245509,402287,289607,138562,52583,0.000369205,0.72913744,0.000341094,0.802364369,0.000537488,0.189062995,0.000467412,0.135336237,1,4,5,13,6.833333333,3109.651786,205126.8414
7,481130000000.0,481130000000.0,48,113,9301,2,206.0,"Dallas-Fort Worth, TX-OK",19100.0,"Dallas-Fort Worth-Arlington, TX",7189384,3545715,3364458,200.6407522,0.0,200.6407522,200.6407522,1541,451.0,368.0,0.644,11,0.029891304,20,0.054347826,337,0.91576087,481,117,227,137,0.243243243,1,0,0,1,0,0,0,0,1,0,0,0,0,0,0,1,0,0.0,2.247798591,7.680393854,0.004984032,0.0,0.0,0.004984032,0.0,0.0,0.0,0.0,0.004984032,0.0,0.0,0.0,0.0,0.0,2.252782623,0,0.002717391,0.0,0.0,0.0,0.0,0.027014134,0.002373852,0.0,0.0,0.001297017,0.004149378,481.0,0.0,13.72503494,0.0,2.457200359,11.26783459,54.23903111,0.0,6.37956141,12.75912282,31.89780705,15.94890352,1165.43,0.0,0.052817433,4.0,12.75912282,0.002595717,263813,205690,8873,20657,0.000242118,0.478155982,0.000242258,0.569869951,3.44188e-05,0.012106898,0.000183621,0.053166245,1,1,10,13,8.0,4345.799339,811981.0664
8,481130000000.0,481130000000.0,48,113,1102,2,206.0,"Dallas-Fort Worth, TX-OK",19100.0,"Dallas-Fort Worth-Arlington, TX",7189384,3545715,3364458,63.9924754,0.0,63.9924754,63.9924754,583,255.0,255.0,0.69,37,0.145098039,77,0.301960784,141,0.552941176,425,49,74,302,0.115294118,52,0,16,0,26,10,0,16,0,21,10,0,5,0,11,19,22,0.211538462,3.984843506,9.110446132,0.812595538,0.0,0.250029396,0.0,0.406297769,0.156268373,0.0,0.250029396,0.0,0.328163583,0.156268373,0.0,0.078134186,0.0,4.797439044,0,0.203921569,0.934166141,0.637667594,0.916877673,0.611251782,0.453537911,0.484261845,0.53912036,0.305874791,0.163779528,0.21802935,8.173076923,0.000766959,20.41686076,0.0,1.71542818,18.70143258,83.34979959,0.0,20.00235171,0.0,0.0,70.008231,442.57,0.0,0.0,5.33,53.30626732,0.009142367,372503,254439,275466,116035,0.00034187,0.675154514,0.000299674,0.704930432,0.001068545,0.375863706,0.001031438,0.298646715,9,12,13,16,13.16666667,2248.148479,258973.571
9,481130000000.0,481130000000.0,48,113,11401,2,206.0,"Dallas-Fort Worth, TX-OK",19100.0,"Dallas-Fort Worth-Arlington, TX",7189384,3545715,3364458,612.654798,0.0,612.654798,576.19983,1770,595.0,507.0,0.515,42,0.082840237,177,0.349112426,288,0.568047337,597,228,235,134,0.381909548,26,0,1,0,25,0,0,1,0,0,0,0,25,0,12,12,2,0.461538462,1.032627865,3.071850958,0.045123234,0.0,0.001735509,0.0,0.043387725,0.0,0.0,0.001735509,0.0,0.0,0.0,0.0,0.043387725,0.0,1.077751099,0,0.051282051,0.235193382,0.101292276,0.235193382,0.078397794,0.184652094,0.209191334,0.232889104,0.002094626,0.028953229,0.083467095,22.96153846,2.89885e-10,17.24872528,2.161842563,2.806108645,12.28077407,68.97195637,8.357071579,5.223169737,4.178535789,73.12437631,12.53560737,280.29,0.000203855,0.185777299,3.0,3.133901842,0.001694915,253775,208423,22,512,0.000232906,0.4599623,0.000245477,0.577441805,8.5339e-08,3.00182e-05,4.55118e-06,0.001317767,3,2,11,18,10.5,8246.622195,2479375.452
10,481130000000.0,481130000000.0,48,113,11401,3,206.0,"Dallas-Fort Worth, TX-OK",19100.0,"Dallas-Fort Worth-Arlington, TX",7189384,3545715,3364458,187.1542813,0.0,187.1542813,176.4912,1790,832.0,727.0,0.578,227,0.312242091,396,0.544704264,104,0.143053645,751,269,358,124,0.358189081,0,0,0,0,0,0,0,0,0,0,0,0,0,0,0,0,0,0.0,4.714116058,10.14214873,0.0,0.0,0.0,0.0,0.0,0.0,0.0,0.0,0.0,0.0,0.0,0.0,0.0,0.0,4.714116058,0,0.0,0.0,0.0,0.0,0.0,0.0,0.0,0.0,0.367879441,0.0,1.0,0.0,0.0,16.44730515,0.0,7.05242852,9.394876635,53.59257576,0.0,13.6785543,17.09819288,41.03566291,0.0,619.6,0.0,0.0,4.0,13.6785543,0.002234637,233145,192620,9,678,0.000213972,0.422570823,0.000226864,0.533659147,3.49114e-08,1.22802e-05,6.02676e-06,0.001745012,1,1,10,15,8.666666667,3669.658355,757402.0068
11,481130000000.0,481130000000.0,48,113,11500,2,206.0,"Dallas-Fort Worth, TX-OK",19100.0,"Dallas-Fort Worth-Arlington, TX",7189384,3545715,3364458,157.8136273,0.0,157.8136273,121.40259,1760,534.0,457.0,0.583,78,0.170678337,154,0.336980306,225,0.492341357,460,144,205,111,0.313043478,11,0,11,0,0,0,0,11,0,0,0,0,0,0,5,6,0,0.454545455,4.398588201,14.49721954,0.090607622,0.0,0.090607622,0.0,0.0,0.0,0.0,0.090607622,0.0,0.0,0.0,0.0,0.0,0.0,4.489195824,0,0.024070022,0.0,0.0,0.0,0.0,0.160687882,0.021945927,0.024432022,0.0,0.01242236,0.04670913,41.81818182,0.0,9.757148249,0.0,0.971792793,8.785355456,37.86947998,0.0,0.0,0.0,56.77583206,0.0,422.45,0.0,0.245427216,1.67,6.772545681,0.000948864,326061,238435,55494,25788,0.000299248,0.590979283,0.000280824,0.660590898,0.000215264,0.075719619,0.00022923,0.066372228,2,1,8,16,8.5,3902.336508,638662.3872
12,481130000000.0,481130000000.0,48,113,11500,1,206.0,"Dallas-Fort Worth, TX-OK",19100.0,"Dallas-Fort Worth-Arlington, TX",7189384,3545715,3364458,42.4280584,0.0,42.4280584,42.42806,705,309.0,212.0,0.475,16,0.075471698,151,0.712264151,45,0.212264151,289,84,132,73,0.290657439,5,1,4,0,0,0,1,4,0,0,0,0,0,0,1,3,1,0.2,7.28291607,16.61636191,0.117846538,0.023569308,0.094277231,0.0,0.0,0.0,0.023569308,0.094277231,0.0,0.0,0.0,0.0,0.0,0.0,7.400762609,0,0.023584906,0.721928095,0.310917507,0.721928095,0.240642698,0.11030362,0.047195783,0.052542251,0.0,0.014084507,0.034013605,57.8,0.0,21.70899154,0.0,0.740936288,20.96805526,155.9270032,0.0,0.0,0.0,165.9279323,45.25307243,352.71,0.04805863,0.950628791,4.67,70.44394942,0.006624113,336064,245956,55491,25662,0.000308428,0.609109528,0.000289682,0.681428041,0.000215252,0.075715525,0.00022811,0.066047934,2,3,18,17,12.5,2628.841414,171703.7317
13,481130000000.0,481130000000.0,48,113,12301,2,206.0,"Dallas-Fort Worth, TX-OK",19100.0,"Dallas-Fort Worth-Arlington, TX",7189384,3545715,3364458,168.0655592,0.0,168.0655592,158.43342,1207,397.0,397.0,0.583,0,0.0,102,0.256926952,295,0.743073048,601,148,250,203,0.24625624,42,12,0,1,5,24,12,0,1,4,24,0,1,0,17,18,7,0.404761905,2.505784449,7.61834214,0.265095584,0.075741595,0.0,0.0063118,0.031558998,0.151483191,0.075741595,0.0,0.0063118,0.025247198,0.151483191,0.0,0.0063118,0.0,2.770880033,0,0.105793451,0.73582192,0.633802503,0.670816492,0.519195887,0.256648378,0.425196584,0.471609614,0.134592195,0.067253803,0.130637636,14.30952381,1.65862e-06,22.62939224,0.0,2.698713717,19.93067852,149.8310547,0.0,3.808037786,11.42411336,140.8973981,41.88841565,571.32,0.0,0.0,7.33,27.91291697,0.006072908,302702,244333,226908,85864,0.000277809,0.548641546,0.000287771,0.676931474,0.000880186,0.309608017,0.000763247,0.220993679,4,9,18,15,13.16666667,3419.146959,680150.457
14,481130000000.0,481130000000.0,48,113,12301,3,206.0,"Dallas-Fort Worth, TX-OK",19100.0,"Dallas-Fort Worth-Arlington, TX",7189384,3545715,3364458,63.8019613,0.0,63.8019613,63.8019613,1305,402.0,364.0,0.526,85,0.233516484,84,0.230769231,195,0.535714286,386,98,169,119,0.25388601,59,0,8,0,23,28,0,8,0,0,28,0,23,0,35,19,5,0.593220339,6.300746745,20.45391667,0.924736463,0.0,0.125387995,0.0,0.360490485,0.438857982,0.0,0.125387995,0.0,0.0,0.438857982,0.0,0.360490485,0.0,7.225483208,0,0.162087912,0.902850608,0.616291418,0.902850608,0.476994786,0.391234336,0.483450404,0.538216997,0.345468366,0.086510264,0.265168539,6.542372881,0.003917221,25.90359744,1.7816168,11.71083436,12.41114628,103.6808252,0.0,20.06207919,20.06207919,60.18623757,30.09311878,264.2,0.0,0.0,8.33,83.55855982,0.006383142,317760,249413,220417,87897,0.000291629,0.575933881,0.000293754,0.691005757,0.000855007,0.300751274,0.000781319,0.226226141,7,7,15,18,13.33333333,2651.328236,258202.64
15,483290000000.0,483290000000.0,48,329,304,3,372.0,"Midland-Odessa, TX",33260.0,"Midland, TX",169808,95348,74566,108.7902228,0.0,108.7902228,108.79022,1004,608.0,555.0,0.753,0,0.0,251,0.452252252,304,0.547747748,548,72,145,331,0.131386861,291,38,34,17,202,0,38,34,17,161,0,0,41,0,109,125,57,0.374570447,5.588737664,9.228770748,2.674872796,0.349296104,0.312528093,0.156264047,1.856784553,0.0,0.349296104,0.312528093,0.156264047,1.479912441,0.0,0.0,0.376872112,0.0,8.263610461,0,0.524324324,0.675185833,0.581573421,0.799163458,0.618533362,0.599957518,0.523950402,0.573727439,0.855500531,0.449420849,0.693682956,1.883161512,0.413473641,16.86616548,0.0,2.578013666,14.28815181,80.41310859,0.0,17.6486448,17.6486448,23.5315264,35.2972896,-99999.0,0.0,0.0,-99999.0,-99999.0,-99999.0,40808,38095,-99999,-99999,0.011019858,0.903971823,0.011762864,0.933083499,-99999.0,-99999.0,-99999.0,-99999.0,13,12,12,1,8.5,2702.380332,440266.9662
16,483290000000.0,483290000000.0,48,329,305,2,372.0,"Midland-Odessa, TX",33260.0,"Midland, TX",169808,95348,74566,153.2234977,0.0,153.2234977,149.32114,960,347.0,347.0,0.572,0,0.0,82,0.236311239,265,0.763688761,495,95,114,286,0.191919192,501,130,36,68,184,83,130,36,68,120,83,3,61,0,191,190,120,0.381237525,2.323850461,6.429096376,3.355184671,0.870606801,0.241091114,0.455394327,1.232243472,0.555848957,0.870606801,0.241091114,0.455394327,0.803637047,0.555848957,0.020090926,0.408515499,0.0,5.679035132,0,1.443804035,0.917113955,0.917113955,0.892895857,0.835558526,0.864296465,0.793213267,0.860157232,0.500771486,0.685831622,0.993975904,0.988023952,0.98809538,16.3286539,0.951075386,0.165537625,15.21204089,91.92114925,0.0,0.0,0.0,87.71500587,33.41524033,-99999.0,0.0,0.0,-99999.0,-99999.0,-99999.0,40020,36683,-99999,-99999,0.010807065,0.886516182,0.011326871,0.898498543,-99999.0,-99999.0,-99999.0,-99999.0,20,20,14,1,11.66666667,3161.264393,620086.9883
17,481130000000.0,481130000000.0,48,113,12302,1,206.0,"Dallas-Fort Worth, TX-OK",19100.0,"Dallas-Fort Worth-Arlington, TX",7189384,3545715,3364458,163.1151578,0.0,163.1151578,155.00437,3751,1386.0,1241.0,0.493,381,0.307010475,479,0.385979049,381,0.307010475,1311,435,552,324,0.33180778,197,19,22,0,154,2,19,22,0,2,2,0,152,0,54,98,45,0.274111675,8.941683386,24.19931774,1.27093191,0.122577189,0.141931482,0.0,0.993520376,0.012902862,0.122577189,0.141931482,0.0,0.012902862,0.012902862,0.0,0.980617514,0.0,10.2126153,0,0.158742949,0.511779093,0.440822517,0.474489936,0.367243838,0.308596962,0.397709018,0.44276259,0.21130481,0.099797366,0.26127321,6.654822335,0.003500595,21.31375432,0.0,5.830781418,15.48297291,40.55441621,0.0,7.847216759,7.847216759,23.54165028,11.77082514,473.42,0.0,0.0,1.0,3.92360838,0.000266596,329015,263217,38040,16871,0.000301959,0.596333351,0.000310012,0.729250129,0.000147559,0.051904247,0.000149967,0.043421974,5,5,9,16,10.0,3608.995574,660119.2402
18,481130000000.0,481130000000.0,48,113,12302,2,206.0,"Dallas-Fort Worth, TX-OK",19100.0,"Dallas-Fort Worth-Arlington, TX",7189384,3545715,3364458,190.6902823,0.0,190.6902823,187.97663,2855,1061.0,963.0,0.51,185,0.192107996,385,0.399792316,393,0.408099688,1149,317,472,360,0.27589208,112,3,9,18,82,0,3,9,18,33,0,0,49,0,31,42,39,0.276785714,5.644318658,15.18805822,0.595818746,0.015959431,0.047878292,0.095756584,0.436224439,0.0,0.015959431,0.047878292,0.095756584,0.175553738,0.0,0.0,0.260670701,0.0,6.240137404,0,0.116303219,0.592685823,0.510511781,0.817113022,0.632425894,0.260828702,0.307652981,0.331755828,0.051512522,0.075497135,0.177636796,10.25892857,9.52573e-05,18.06219858,0.421328107,2.627255242,15.01361523,80.57631367,0.0,0.0,6.712455321,80.54946385,20.13736596,519.01,0.0,0.0,5.33,17.88869343,0.0018669,324006,256403,71081,38031,0.000297361,0.587254635,0.000301987,0.710371749,0.000275726,0.096987534,0.000338059,0.097882822,4,13,12,15,11.83333333,5802.226271,771711.7197
19,481130000000.0,481130000000.0,48,113,13105,3,206.0,"Dallas-Fort Worth, TX-OK",19100.0,"Dallas-Fort Worth-Arlington, TX",7189384,3545715,3364458,105.8383662,0.0,105.8383662,103.26253,1801,1110.0,1049.0,0.835,37,0.035271687,618,0.589132507,394,0.375595806,784,151,258,375,0.192602041,82,0,8,2,70,2,0,8,2,3,2,0,67,0,16,47,19,0.195121951,10.74930084,17.44098271,0.794092494,0.0,0.077472438,0.01936811,0.677883836,0.01936811,0.0,0.077472438,0.01936811,0.029052164,0.01936811,0.0,0.648831672,0.0,11.54339333,0,0.078169685,0.39188691,0.337553011,0.431392958,0.333887809,0.186060076,0.271482419,0.30067898,0.017385799,0.087095061,0.189376443,9.56097561,0.000191432,21.77121456,0.039852657,6.474571673,15.25679023,92.75426627,0.0,12.09391307,12.09391307,90.704348,12.09391307,112.65,0.0,0.0,6.67,40.33320008,0.003703498,471823,311575,162393,55479,0.000433023,0.855170101,0.000366967,0.863227333,0.00062993,0.221579559,0.000493154,0.142789857,3,4,14,20,12.5,4048.486567,428322.2733
20,481130000000.0,481130000000.0,48,113,13104,2,206.0,"Dallas-Fort Worth, TX-OK",19100.0,"Dallas-Fort Worth-Arlington, TX",7189384,3545715,3364458,45.4794963,0.0,45.4794963,45.4794963,689,528.0,484.0,0.694,29,0.059917355,342,0.70661157,113,0.233471074,484,79,135,270,0.16322314,27,0,2,0,0,25,0,2,0,0,25,0,0,0,5,17,5,0.185185185,11.60962726,15.14968406,0.593674121,0.0,0.043975861,0.0,0.0,0.54969826,0.0,0.043975861,0.0,0.0,0.54969826,0.0,0.0,0.0,12.20330138,0,0.055785124,0.380946586,0.164064764,0.380946586,0.126982195,0.200925202,0.256584191,0.285650755,0.019740767,0.075418994,0.105675147,17.92592593,4.45824e-08,28.37575586,10.6971639,7.015819643,10.66277233,75.08966189,14.07227547,0.0,0.0,112.5782037,0.0,336.62,0.0,0.713563518,3.33,46.8606773,0.004833091,499587,327456,182241,61268,0.000458504,0.905491817,0.000385672,0.907226092,0.000706921,0.24866146,0.000544613,0.157689378,3,2,12,17,10.5,2353.993901,184053.2947
21,481130000000.0,481130000000.0,48,113,13400,1,206.0,"Dallas-Fort Worth, TX-OK",19100.0,"Dallas-Fort Worth-Arlington, TX",7189384,3545715,3364458,258.9331248,0.0,258.9331248,258.9331248,846,322.0,308.0,0.52,0,0.0,29,0.094155844,279,0.905844156,462,64,83,315,0.138528139,206,0,39,15,144,8,0,39,15,32,8,108,4,0,19,57,130,0.09223301,1.243564338,3.267252889,0.795572216,0.0,0.150618041,0.057930016,0.556128151,0.030896008,0.0,0.150618041,0.057930016,0.123584034,0.030896008,0.417096113,0.015448004,0.0,2.039136555,0,0.668831169,0.636446269,0.548204977,0.745831955,0.642649212,0.63806954,0.509064693,0.55392044,0.728879966,0.391634981,0.616766467,2.242718447,0.288598611,23.38040015,5.74117055,4.053340192,13.58588941,46.15616488,7.415042017,14.83008403,9.886722689,39.54689076,0.0,-99999.0,0.0,0.0,1.33,3.287335294,0.001572104,437485,282701,-99999,-99999,0.000401509,0.792933138,0.00033296,0.783231101,-99999.0,-99999.0,-99999.0,-99999.0,14,13,9,1,7.833333333,4703.083904,1047889.148
22,481130000000.0,481130000000.0,48,113,13607,2,206.0,"Dallas-Fort Worth, TX-OK",19100.0,"Dallas-Fort Worth-Arlington, TX",7189384,3545715,3364458,103.352046,0.0,103.352046,98.63697,811,341.0,341.0,0.517,20,0.058651026,88,0.258064516,233,0.683284457,351,73,60,218,0.207977208,23,0,1,7,15,0,0,1,7,5,0,0,10,0,7,5,11,0.304347826,3.457121605,8.222069271,0.23317829,0.0,0.010138187,0.070967306,0.152072798,0.0,0.0,0.010138187,0.070967306,0.050690933,0.0,0.0,0.101381865,0.0,3.690299895,0,0.06744868,0.707384219,0.48286485,0.860033024,0.573355349,0.205405607,0.208607041,0.219174753,0.001133826,0.055155875,0.122994652,15.26086957,6.40594e-07,24.70315394,0.0,4.630227629,20.07292631,115.6249969,0.0,12.384854,24.76970799,86.69397798,24.76970799,598.14,0.0,0.0,1.33,8.235927908,0.001639951,441725,300082,137840,54115,0.0004054,0.800618056,0.000353431,0.831385652,0.000534688,0.188077851,0.00048103,0.139279243,3,11,15,15,12.33333333,2752.770825,418257.6493
23,483290000000.0,483290000000.0,48,329,305,1,372.0,"Midland-Odessa, TX",33260.0,"Midland, TX",169808,95348,74566,93.4351817,0.0,93.4351817,93.4351817,1217,406.0,406.0,0.607,55,0.13546798,153,0.376847291,198,0.487684729,441,79,107,255,0.179138322,52,1,14,11,26,0,1,14,11,9,0,0,17,0,5,25,22,0.096153846,4.345258313,13.02507233,0.556535547,0.010702607,0.149836494,0.117728674,0.278267774,0.0,0.010702607,0.149836494,0.117728674,0.09632346,0.0,0.0,0.181944314,0.0,4.90179386,0,0.128078818,0.796679961,0.686222767,0.886613583,0.686217662,0.297769399,0.290144731,0.307710968,0.018192853,0.081954295,0.210953347,8.480769231,0.000563824,17.63052928,0.0,1.677048351,15.95348093,57.09883475,0.0,6.849668277,6.849668277,47.94767794,13.69933655,-99999.0,0.0,0.0,-99999.0,-99999.0,-99999.0,38618,34439,-99999,-99999,0.010428467,0.855459318,0.010633975,0.843534916,-99999.0,-99999.0,-99999.0,-99999.0,5,15,10,1,7.0,2696.023179,378125.5601
24,483290000000.0,483290000000.0,48,329,305,5,372.0,"Midland-Odessa, TX",33260.0,"Midland, TX",169808,95348,74566,159.0140391,0.0,159.0140391,159.0140391,1572,541.0,541.0,0.403,44,0.081330869,129,0.23844732,368,0.680221811,568,110,134,324,0.193661972,51,0,14,15,5,17,0,11,15,5,17,0,0,3,10,22,19,0.196078431,3.40221532,9.885919563,0.320726398,0.0,0.088042541,0.094331294,0.031443765,0.106908799,0.0,0.069176282,0.094331294,0.031443765,0.106908799,0.0,0.0,0.018866259,3.722941719,0,0.094269871,0.944027998,0.813141458,0.90176231,0.697942415,0.252434872,0.282431155,0.298354051,0.005451307,0.06284658,0.164781906,11.1372549,3.95773e-05,19.29204539,0.0,4.018042806,15.27400258,75.14707549,0.0,32.19841486,16.09920743,20.12400929,24.14881115,-99999.0,0.0,0.0,-99999.0,-99999.0,-99999.0,42583,37963,-99999,-99999,0.011499182,0.943291319,0.011722106,0.929850344,-99999.0,-99999.0,-99999.0,-99999.0,4,15,12,1,7.5,3212.635346,643520.7777
25,483290000000.0,483290000000.0,48,329,401,1,372.0,"Midland-Odessa, TX",33260.0,"Midland, TX",169808,95348,74566,328.7850825,0.0,328.7850825,328.78229,1529,597.0,572.0,0.623,16,0.027972028,131,0.229020979,425,0.743006993,758,123,240,395,0.162269129,477,38,79,257,34,69,38,9,257,32,69,0,2,70,40,99,338,0.083857442,1.815791234,4.650493796,1.450808071,0.115578001,0.240280582,0.781672273,0.103411896,0.209865318,0.115578001,0.027373737,0.781672273,0.097328843,0.209865318,0.0,0.006083053,0.212906845,3.266599305,0,0.833916084,0.808033123,0.808033123,0.706692809,0.661312512,0.714600977,0.724554571,0.727481777,0.885176148,0.47557328,0.772469636,1.589098532,0.554827218,13.69744332,0.0,0.944381533,12.75306178,65.55820549,0.0,15.57248267,3.893120668,56.45024969,13.62592234,-99999.0,0.0,0.0,-99999.0,-99999.0,-99999.0,42889,39861,-99999,-99999,0.011581815,0.950069778,0.012308164,0.976339187,-99999.0,-99999.0,-99999.0,-99999.0,17,14,11,1,9.166666667,4714.972046,1330575.971
26,483290000000.0,483290000000.0,48,329,402,1,372.0,"Midland-Odessa, TX",33260.0,"Midland, TX",169808,95348,74566,185.8486049,0.0,185.8486049,185.8486049,994,396.0,376.0,0.542,0,0.0,140,0.372340426,236,0.627659574,674,122,193,359,0.181008902,294,14,28,12,195,45,14,28,12,26,45,96,73,0,94,113,87,0.319727891,2.1307666,5.348439395,1.581932779,0.075330132,0.150660265,0.064568685,1.049241129,0.242132568,0.075330132,0.150660265,0.064568685,0.139898817,0.242132568,0.516549479,0.392792833,0.0,3.712699379,0,0.781914894,0.658045087,0.658045087,0.880118654,0.823601812,0.64203415,0.637699025,0.702649708,0.60206825,0.456521739,0.607438017,2.292517007,0.274578796,21.99131358,0.410014171,2.691942893,18.88935652,129.7365671,0.0,27.54930554,6.887326384,48.21128469,72.31692703,-99999.0,0.0,0.0,-99999.0,-99999.0,-99999.0,43715,40072,-99999,-99999,0.011804869,0.968367189,0.012373316,0.981507336,-99999.0,-99999.0,-99999.0,-99999.0,15,19,16,1,11.33333333,4215.146269,752120.4866
27,483290000000.0,483290000000.0,48,329,402,2,372.0,"Midland-Odessa, TX",33260.0,"Midland, TX",169808,95348,74566,106.8450516,0.0,106.8450516,104.0077115,995,342.0,327.0,0.523,0,0.0,61,0.186544343,266,0.813455657,437,71,134,232,0.162471396,148,4,5,43,54,42,4,5,43,44,42,10,0,0,40,73,35,0.27027027,3.28821772,9.566598338,1.422971411,0.038458687,0.048073358,0.413430883,0.519192272,0.403816211,0.038458687,0.048073358,0.413430883,0.423045555,0.403816211,0.096146717,0.0,0.0,4.711189131,0,0.452599388,0.805536318,0.805536318,0.82114336,0.707541597,0.571677205,0.64239526,0.683317632,0.980567419,0.258967629,0.505982906,2.952702703,0.141890066,22.23695894,0.0,3.943394671,18.29356427,123.8249203,0.0,35.9398956,23.9599304,59.899826,35.9398956,-99999.0,0.0,0.0,-99999.0,-99999.0,-99999.0,43732,39128,-99999,-99999,0.01180946,0.96874377,0.012081831,0.958385382,-99999.0,-99999.0,-99999.0,-99999.0,12,16,16,1,10.33333333,2684.854495,432393.7297
28,483290000000.0,483290000000.0,48,329,402,3,372.0,"Midland-Odessa, TX",33260.0,"Midland, TX",169808,95348,74566,211.9984566,0.0,211.9984566,196.8977,1414,737.0,610.0,0.623,32,0.052459016,244,0.4,334,0.547540984,748,120,227,401,0.160427807,193,17,18,0,138,20,17,18,0,96,20,0,42,0,103,55,35,0.533678756,3.743060483,7.181394196,0.980204441,0.086339251,0.091418031,0.0,0.700871569,0.10157559,0.086339251,0.091418031,0.0,0.487562831,0.10157559,0.0,0.213308738,0.0,4.723264924,0,0.316393443,0.656434593,0.565421982,0.838427726,0.648922964,0.478553172,0.565923707,0.630033103,0.814212739,0.240199129,0.410201913,3.875647668,0.056379612,20.76541462,0.0,1.892619618,18.872795,126.8296026,0.0,21.13222932,3.018889903,87.54780718,51.32112834,-99999.0,0.0,0.0,-99999.0,-99999.0,-99999.0,42950,38995,-99999,-99999,0.011598287,0.95142104,0.012040764,0.955127734,-99999.0,-99999.0,-99999.0,-99999.0,9,13,16,1,9.333333333,3768.254846,857945.3618
29,481130000000.0,481130000000.0,48,113,13608,1,206.0,"Dallas-Fort Worth, TX-OK",19100.0,"Dallas-Fort Worth-Arlington, TX",7189384,3545715,3364458,480.5892378,0.0,480.5892378,427.64127,1306,461.0,461.0,0.466,0,0.0,42,0.091106291,419,0.908893709,635,94,115,426,0.148031496,314,97,14,37,55,111,97,14,37,54,111,0,1,0,160,103,51,0.50955414,1.078006339,3.05396156,0.734260283,0.226825629,0.03273772,0.086521116,0.12861247,0.259563349,0.226825629,0.03273772,0.086521116,0.126274061,0.259563349,0.0,0.002338409,0.0,1.812266622,0,0.681127983,0.88619476,0.88619476,0.804903371,0.693548344,0.699268285,0.74105802,0.808599461,0.657706607,0.387654321,0.66174921,2.022292994,0.359769046,19.13139719,1.898474652,3.530192189,13.70273035,79.04030513,7.990191411,2.663397137,13.31698568,75.9068184,13.31698568,761.76,0.0,0.0,5.67,7.550730883,0.004341501,459708,306179,116366,56137,0.000421904,0.833211897,0.000360612,0.848277563,0.000451389,0.15877733,0.000499003,0.144483394,16,15,12,14,13.83333333,5853.383136,1944918.692
30,481130000000.0,481130000000.0,48,113,13610,1,206.0,"Dallas-Fort Worth, TX-OK",19100.0,"Dallas-Fort Worth-Arlington, TX",7189384,3545715,3364458,107.2058176,0.0,107.2058176,107.2058176,1623,502.0,502.0,0.608,7,0.013944223,177,0.352589641,318,0.633466135,639,120,231,288,0.187793427,328,142,34,33,76,43,142,34,33,34,43,0,42,0,72,184,72,0.219512195,4.682581703,15.13910379,3.059535456,1.324554984,0.317146968,0.307819116,0.708916752,0.401097636,1.324554984,0.317146968,0.307819116,0.317146968,0.401097636,0.0,0.391769784,0.0,7.742117159,0,0.653386454,0.890768257,0.890768257,0.889046453,0.76605058,0.69069235,0.757690522,0.827933643,0.768404717,0.336237827,0.678386763,1.948170732,0.387449124,30.94881309,0.0,1.771584945,29.17722814,111.4506681,0.0,0.0,11.93965056,41.78877696,71.63790335,488.17,0.0,0.0,3.0,17.90947584,0.001848429,446558,300787,341424,158836,0.000409835,0.809377775,0.000354261,0.833338874,0.001324399,0.465861087,0.001411897,0.408806391,16,18,15,16,16.0,2844.178847,433858.4669
31,481130000000.0,481130000000.0,48,113,13610,3,206.0,"Dallas-Fort Worth, TX-OK",19100.0,"Dallas-Fort Worth-Arlington, TX",7189384,3545715,3364458,123.4766113,0.0,123.4766113,123.4766113,1654,480.0,435.0,0.64,0,0.0,93,0.213793103,342,0.786206897,628,137,185,306,0.218152866,19,0,0,6,13,0,0,0,6,13,0,0,0,0,5,9,5,0.263157895,3.887375876,13.39524937,0.153875295,0.0,0.0,0.048592198,0.105283097,0.0,0.0,0.0,0.048592198,0.105283097,0.0,0.0,0.0,0.0,4.041251171,0,0.043678161,0.899743759,0.387498545,0.899743759,0.299914586,0.181938989,0.161154696,0.169664453,2.67194e-05,0.022713688,0.058732612,33.05263158,1.2e-14,35.02916678,0.0,0.550345121,34.47882166,157.2521289,0.0,10.36633567,10.36633567,77.74751752,88.11385319,512.31,0.0,0.0,2.0,10.36633567,0.00120919,520187,343791,355551,138047,0.00047741,0.94282892,0.000404911,0.95248267,0.001379198,0.485136883,0.001227103,0.35530041,3,4,18,15,12.16666667,3650.892378,499703.5117
32,481130000000.0,481130000000.0,48,113,14901,1,206.0,"Dallas-Fort Worth, TX-OK",19100.0,"Dallas-Fort Worth-Arlington, TX",7189384,3545715,3364458,165.3212666,0.0,165.3212666,148.28137,1436,360.0,351.0,0.545,15,0.042735043,92,0.262108262,244,0.695156695,627,150,273,204,0.23923445,1427,23,837,122,44,401,23,98,122,25,401,0,19,739,158,308,961,0.110721794,2.427816792,9.684291425,9.623596005,0.155110517,5.644674041,0.822760135,0.296733163,2.704318149,0.155110517,0.660905682,0.822760135,0.168598388,2.704318149,0.0,0.128134775,4.983768359,12.0514128,0,4.065527066,0.65469579,0.65469579,0.661163415,0.61870679,0.749249406,0.589973093,0.629463947,0.43891889,0.996856444,0.610516066,0.439383322,0.57085692,27.55935552,3.514742537,6.753260673,17.29135231,213.003933,11.61375085,15.48500113,23.22750169,240.0175175,19.35625141,476.1,0.117096314,0.522975693,26.67,103.246245,0.018572423,376694,264131,56255,26882,0.000345717,0.682750621,0.000311089,0.731782392,0.000218216,0.076757977,0.000238955,0.069187926,17,12,19,16,16.5,3293.879958,669047.2914
33,481130000000.0,481130000000.0,48,113,15202,1,206.0,"Dallas-Fort Worth, TX-OK",19100.0,"Dallas-Fort Worth-Arlington, TX",7189384,3545715,3364458,104.8388467,0.0,104.8388467,97.69897,1060,383.0,364.0,0.625,31,0.085164835,121,0.332417582,212,0.582417582,550,99,262,189,0.18,172,41,17,13,77,24,41,17,13,66,24,0,11,0,75,66,31,0.436046512,3.920205095,10.84965379,1.76050986,0.41965642,0.174003882,0.133061792,0.788135228,0.245652539,0.41965642,0.174003882,0.133061792,0.675544481,0.245652539,0.0,0.112590747,0.0,5.680714955,0,0.472527473,0.870075962,0.870075962,0.884009183,0.761710196,0.601031177,0.701397269,0.770207413,0.914309471,0.279220779,0.476454294,3.197674419,0.11106114,33.64085033,6.839274471,4.111967093,22.68960876,246.302595,30.52303703,30.52303703,42.73225184,219.7658666,36.62764444,560.59,0.0,0.0,3.33,20.32834266,0.003141509,421251,294481,56007,27094,0.00038661,0.763509325,0.000346834,0.815867923,0.000217254,0.076419589,0.000240839,0.069733564,13,18,20,15,16.83333333,2811.501083,424277.0899
34,481130000000.0,481130000000.0,48,113,15204,2,206.0,"Dallas-Fort Worth, TX-OK",19100.0,"Dallas-Fort Worth-Arlington, TX",7189384,3545715,3364458,89.7800785,0.0,89.7800785,89.7800785,796,233.0,233.0,0.649,0,0.0,57,0.244635193,176,0.755364807,430,88,152,190,0.204651163,119,55,12,5,24,23,55,12,5,14,23,0,10,0,57,46,16,0.478991597,2.595230522,8.866109423,1.325461082,0.612608063,0.133659941,0.055691642,0.267319882,0.256181554,0.612608063,0.133659941,0.055691642,0.155936598,0.256181554,0.0,0.111383284,0.0,3.920691604,0,0.510729614,0.846146666,0.846146666,0.836496585,0.720770768,0.613996464,0.730890734,0.806951299,0.867167971,0.26010929,0.433515483,3.613445378,0.073281625,19.25665884,0.0,0.0,19.25665884,71.30668749,0.0,0.0,0.0,64.15677171,28.51412076,560.59,0.0,0.0,2.0,14.25706038,0.002512563,343658,245555,33259,18626,0.000315397,0.622873507,0.00028921,0.680317059,0.000129013,0.04538074,0.000165567,0.04793893,14,16,12,15,14.0,2622.966465,363335.2316
35,481130000000.0,481130000000.0,48,113,15204,6,206.0,"Dallas-Fort Worth, TX-OK",19100.0,"Dallas-Fort Worth-Arlington, TX",7189384,3545715,3364458,78.9205277,0.0,78.9205277,78.91825,1592,452.0,452.0,0.545,0,0.0,115,0.254424779,337,0.745575221,656,128,268,260,0.195121951,4,0,0,4,0,0,0,0,4,0,0,0,0,0,0,2,2,0.0,5.727445806,20.17277372,0.050685361,0.0,0.0,0.050685361,0.0,0.0,0.0,0.0,0.050685361,0.0,0.0,0.0,0.0,0.0,5.778131167,0,0.008849558,0.0,0.0,0.0,0.0,0.072537183,0.006664101,0.0,0.0,0.005012531,0.012121212,164.0,0.0,24.61071549,0.0,3.161543323,21.44917217,78.42623688,0.0,0.0,0.0,105.4225085,8.109423729,291.02,0.0,0.0,1.0,8.109423729,0.000628141,361524,261583,33164,18120,0.000331794,0.655255288,0.000308088,0.724723086,0.000128645,0.045251116,0.000161069,0.046636605,1,1,12,18,10.33333333,2976.524659,319385.3505
36,481130000000.0,481130000000.0,48,113,17201,4,206.0,"Dallas-Fort Worth, TX-OK",19100.0,"Dallas-Fort Worth-Arlington, TX",7189384,3545715,3364458,218.8670953,0.0,218.8670953,207.65378,1398,411.0,322.0,0.521,0,0.0,211,0.655279503,111,0.344720497,470,117,207,146,0.24893617,1182,797,48,113,66,158,797,48,113,55,158,2,9,0,282,641,259,0.23857868,1.979256048,6.732359989,5.692167029,3.838119393,0.231153991,0.544175021,0.317836738,0.760881887,3.838119393,0.231153991,0.544175021,0.264863948,0.760881887,0.009631416,0.043341373,0.0,7.671423077,0,3.670807453,0.652635928,0.652635928,0.554983338,0.519345068,0.750563169,0.639995819,0.690319177,0.419975426,0.91627907,0.569007264,0.397631134,0.547513113,18.09463503,1.67905903,3.912328213,12.50324779,76.0541916,2.92414901,23.39319208,11.69659604,55.55883119,11.69659604,87.17,0.0,0.0,2.67,7.807477856,0.001909871,220394,198439,3087,6120,0.00020227,0.399459881,0.000233718,0.549780851,1.19746e-05,0.004212103,5.44008e-05,0.015751436,18,9,12,20,15.16666667,3947.038047,885744.6165
37,481130000000.0,481130000000.0,48,113,18124,1,206.0,"Dallas-Fort Worth, TX-OK",19100.0,"Dallas-Fort Worth-Arlington, TX",7189384,3545715,3364458,3862.366973,32.4654806,3829.901493,3408.05286,8441,2912.0,2745.0,0.622,41,0.014936248,349,0.127140255,2355,0.857923497,3588,691,856,2041,0.192586399,331,18,23,107,177,6,18,23,107,89,6,0,88,0,84,157,90,0.253776435,0.854446841,2.476780833,0.097122907,0.005281608,0.006748722,0.031396227,0.051935814,0.001760536,0.005281608,0.006748722,0.031396227,0.026114618,0.001760536,0.0,0.025821196,0.0,0.951569748,0,0.120582878,0.693485584,0.693485584,0.829781689,0.71498485,0.257616169,0.317686811,0.333330639,0.024715061,0.075467396,0.168920643,10.83987915,5.32837e-05,8.684081255,1.51623409,1.55778409,5.610063075,29.92352681,1.336849005,8.02109403,0.835530628,26.56987397,6.015820522,-99999.0,0.0,0.0,-99999.0,-99999.0,-99999.0,183378,168847,-99999,-99999,0.000168298,0.332369094,0.000198865,0.46779538,-99999.0,-99999.0,-99999.0,-99999.0,4,16,7,1,6.0,21248.82418,15630789.48
38,481130000000.0,481130000000.0,48,113,19026,5,206.0,"Dallas-Fort Worth, TX-OK",19100.0,"Dallas-Fort Worth-Arlington, TX",7189384,3545715,3364458,150.0556757,0.0,150.0556757,150.0556757,893,328.0,312.0,0.531,0,0.0,81,0.259615385,231,0.740384615,367,73,111,183,0.198910082,60,46,2,3,9,0,46,2,3,9,0,0,0,0,23,25,12,0.383333333,2.18585534,5.951124447,0.399851587,0.306552883,0.013328386,0.019992579,0.059977738,0.0,0.306552883,0.013328386,0.019992579,0.059977738,0.0,0.0,0.0,0.0,2.585706926,0,0.192307692,0.542044777,0.466891958,0.542044777,0.361363185,0.349813009,0.416805143,0.458563955,0.195162698,0.125918153,0.281030445,6.116666667,0.005995976,24.69912394,2.847126436,4.161277854,17.69071965,85.33152738,21.32541795,4.26508359,12.79525077,85.3016718,12.79525077,654.47,0.0,0.0,3.0,12.79525077,0.003359462,254438,216539,54278,29514,0.000233514,0.461163975,0.000255036,0.599927412,0.000210547,0.074060429,0.000262351,0.075962073,6,5,13,14,10.83333333,3256.005389,607268.2482
39,481130000000.0,481130000000.0,48,113,7909,1,206.0,"Dallas-Fort Worth, TX-OK",19100.0,"Dallas-Fort Worth-Arlington, TX",7189384,3545715,3364458,28.053263,0.0,28.053263,28.053263,1016,699.0,655.0,0.894,26,0.039694656,502,0.766412214,127,0.19389313,589,106,151,332,0.179966044,25,0,24,0,1,0,0,24,0,0,0,1,0,0,2,10,13,0.08,24.91688756,36.21682084,0.89116193,0.0,0.855515453,0.0,0.035646477,0.0,0.0,0.855515453,0.0,0.0,0.0,0.035646477,0.0,0.0,25.80804949,0,0.038167939,0.242292189,0.104349566,0.242292189,0.080764063,0.149003125,0.046147212,0.051374895,0.0,0.04803074,0.081433225,23.56,1.59337e-10,19.63437015,0.0,17.51046603,2.123904122,22.81374541,0.0,0.0,22.81374541,0.0,0.0,185.07,0.0,0.153799012,8.67,197.7951727,0.008533465,430908,289834,329523,136312,0.000395472,0.781012452,0.000341361,0.802993279,0.001278234,0.449622589,0.001211681,0.350834929,2,2,7,19,9.333333333,1326.309223,113529.6496
40,481130000000.0,481130000000.0,48,113,13804,2,206.0,"Dallas-Fort Worth, TX-OK",19100.0,"Dallas-Fort Worth-Arlington, TX",7189384,3545715,3364458,146.6177734,0.0,146.6177734,146.592,1799,574.0,555.0,0.472,17,0.030630631,155,0.279279279,383,0.69009009,664,148,207,309,0.222891566,26,0,0,0,26,0,0,0,0,1,0,0,25,0,5,17,4,0.192307692,3.915629775,12.27215673,0.177363021,0.0,0.0,0.0,0.177363021,0.0,0.0,0.0,0.0,0.006821655,0.0,0.0,0.170541367,0.0,4.092992796,0,0.046846847,0.0,0.0,0.235193382,0.078397794,0.263664007,0.201002157,0.223772235,0.001395585,0.028493151,0.075362319,25.53846154,2.2033e-11,23.91403828,0.0,3.770141056,20.14389723,97.52050975,0.0,8.730183049,8.730183049,91.66692201,21.82545762,582.05,0.0,0.0,2.0,8.730183049,0.001111729,494768,323090,201948,74612,0.000454081,0.896757472,0.00038053,0.895129965,0.000783365,0.275550971,0.000663228,0.192033685,4,2,14,15,10.66666667,3162.817234,593351.6599
41,481130000000.0,481130000000.0,48,113,9304,1,206.0,"Dallas-Fort Worth, TX-OK",19100.0,"Dallas-Fort Worth-Arlington, TX",7189384,3545715,3364458,293.2787893,0.0,293.2787893,293.2787893,1174,424.0,379.0,0.618,63,0.166226913,200,0.527704485,116,0.306068602,257,83,115,59,0.322957198,1542,59,0,1113,245,125,59,0,1113,0,125,245,0,0,171,477,894,0.110894942,1.445723371,4.003017071,5.257795846,0.201173771,0.0,3.79502385,0.835382608,0.426215617,0.201173771,0.0,3.79502385,0.0,0.426215617,0.835382608,0.0,0.0,6.703519217,0,4.068601583,0.61756978,0.531945655,0.61756978,0.411713187,0.735568074,0.812050672,0.775220359,0.473671412,0.864506627,0.285714286,0.166666667,0.434598209,25.66449769,9.143330954,10.21176204,6.30940469,38.56644399,26.18668748,19.64001561,8.728895827,21.82223957,2.182223957,606.19,0.18047231,0.573594966,27.67,60.38213688,0.023568995,285521,228915,13890,26442,0.000262041,0.517501314,0.000269612,0.63421547,5.38799e-05,0.018952418,0.000235044,0.06805547,17,6,8,15,11.5,5495.696531,1186879.467
42,483397000000.0,483397000000.0,48,339,694201,3,288.0,"Houston-The Woodlands, TX",26420.0,"Houston-The Woodlands-Sugar Land, TX",6779104,2975382,2886903,3620.350562,1441.682217,2178.668345,2178.668345,2752,1391.0,1049.0,0.555,16,0.015252622,298,0.284080076,735,0.700667302,1703,365,599,739,0.214327657,189,0,5,42,61,81,0,5,42,42,81,1,18,0,61,81,47,0.322751323,0.6384634,1.263156922,0.086750239,0.0,0.00229498,0.019277831,0.027998754,0.037178674,0.0,0.00229498,0.019277831,0.019277831,0.037178674,0.000458996,0.008261928,0.0,0.72521364,0,0.180171592,0.835645551,0.719785899,0.769843255,0.663338649,0.375386121,0.482562871,0.520444846,0.330103155,0.128527712,0.199788584,9.010582011,0.000331931,9.636501882,0.002723267,0.762508699,8.871269916,31.05339101,0.0,2.643816813,2.937574236,36.42592053,2.056301966,-99999.0,0.0,0.0,-99999.0,-99999.0,-99999.0,17321,20291,-99999,-99999,2.46049e-05,0.031668285,3.70979e-05,0.060102783,-99999.0,-99999.0,-99999.0,-99999.0,7,14,8,1,6.5,17446.46873,14651358.14
43,483397000000.0,483397000000.0,48,339,690202,5,288.0,"Houston-The Woodlands, TX",26420.0,"Houston-The Woodlands-Sugar Land, TX",6779104,2975382,2886903,2800.11249,11.6539773,2788.458513,2788.458513,2235,704.0,704.0,0.614,2,0.002840909,20,0.028409091,682,0.96875,1035,188,244,603,0.181642512,280,17,18,211,31,3,17,18,211,26,3,0,5,0,84,81,115,0.3,0.252469239,0.801518111,0.100413902,0.006096558,0.006455179,0.075669048,0.011117253,0.001075863,0.006096558,0.006455179,0.075669048,0.009324148,0.001075863,0.0,0.001793105,0.0,0.352883142,0,0.397727273,0.529373512,0.529373512,0.502806184,0.433245044,0.468611629,0.42232224,0.375202037,0.050199381,0.222664016,0.425855513,3.696428571,0.067445962,5.124873002,0.0,1.01444753,4.110425472,7.730378595,0.0,1.836139923,0.918069962,8.033112165,0.22951749,-99999.0,0.0,0.0,-99999.0,-99999.0,-99999.0,63976,62980,-99999,-99999,9.08796e-05,0.11696843,0.000115146,0.18654937,-99999.0,-99999.0,-99999.0,-99999.0,9,6,5,1,4.5,19650.80385,11331901.16
44,483397000000.0,483397000000.0,48,339,692001,6,288.0,"Houston-The Woodlands, TX",26420.0,"Houston-The Woodlands-Sugar Land, TX",6779104,2975382,2886903,739.9174755,0.0,739.9174755,739.9174755,1062,626.0,487.0,0.64,0,0.0,264,0.542094456,223,0.457905544,943,162,230,551,0.171792153,53,0,0,15,26,12,0,0,15,3,12,0,23,0,17,19,17,0.320754717,0.846040296,1.435295199,0.07162961,0.0,0.0,0.020272531,0.035139054,0.016218025,0.0,0.0,0.020272531,0.004054506,0.016218025,0.0,0.031084548,0.0,0.917669906,0,0.108829569,0.94931646,0.648009296,0.878868516,0.585912344,0.305387234,0.365984908,0.391391718,0.051701003,0.095067265,0.106425703,17.79245283,5.09484e-08,7.996682276,0.031621169,0.105348509,7.859712598,29.70882663,0.0,0.864961325,0.0,34.598453,6.054729275,-99999.0,0.0,0.0,-99999.0,-99999.0,-99999.0,116160,106057,-99999,-99999,0.000165008,0.212377343,0.000193903,0.314145229,-99999.0,-99999.0,-99999.0,-99999.0,5,11,7,1,5.333333333,8390.731587,2994405.977
45,481130000000.0,481130000000.0,48,113,16518,2,206.0,"Dallas-Fort Worth, TX-OK",19100.0,"Dallas-Fort Worth-Arlington, TX",7189384,3545715,3364458,226.0090266,3.7131717,222.2958549,174.71059,1250,501.0,371.0,0.561,43,0.115902965,30,0.080862534,298,0.803234501,823,213,280,330,0.258809235,83,0,2,5,34,42,0,2,5,4,42,0,30,0,44,31,8,0.530120482,2.867599497,7.154689364,0.475071374,0.0,0.011447503,0.028618757,0.194607551,0.240397563,0.0,0.011447503,0.028618757,0.022895006,0.240397563,0.0,0.171712545,0.0,3.342670871,0,0.223719677,0.699202193,0.602259987,0.694450812,0.537488284,0.405637687,0.538240207,0.593328609,0.657714258,0.124531133,0.183222958,9.915662651,0.000134269,20.9056634,0.0,3.543416938,17.36224646,98.87507803,0.0,0.0,14.39523018,83.49233506,28.79046037,-99999.0,0.0,0.0,-99999.0,-99999.0,-99999.0,285647,240499,-99999,-99999,0.000262157,0.517729687,0.000283255,0.666309269,-99999.0,-99999.0,-99999.0,-99999.0,7,9,14,1,7.666666667,4034.637356,914646.4585
46,481130000000.0,481130000000.0,48,113,11001,1,206.0,"Dallas-Fort Worth, TX-OK",19100.0,"Dallas-Fort Worth-Arlington, TX",7189384,3545715,3364458,123.4131066,0.0,123.4131066,123.4131066,1412,393.0,393.0,0.508,0,0.0,31,0.078880407,362,0.921119593,412,109,159,144,0.264563107,3,3,0,0,0,0,3,0,0,0,0,0,0,0,1,2,0,0.333333333,3.184426767,11.44124833,0.024308601,0.024308601,0.0,0.0,0.0,0.0,0.024308601,0.0,0.0,0.0,0.0,0.0,0.0,0.0,3.208735368,0,0.007633588,0.0,0.0,0.0,0.0,0.064254625,0.043554829,0.04848884,0.0,0.004240283,0.014457831,137.3333333,0.0,25.87820999,8.018031155,2.949588598,14.91059024,60.51869373,25.92917469,0.0,0.0,51.85834938,25.92917469,131.43,0.0,0.0,6.0,31.11500963,0.004249292,335893,263005,237094,110883,0.000308271,0.608799594,0.000309762,0.728662777,0.000919698,0.323506457,0.000985642,0.285386682,1,1,11,20,10.66666667,3013.140169,499444.4106
47,481130000000.0,481130000000.0,48,113,14702,3,206.0,"Dallas-Fort Worth, TX-OK",19100.0,"Dallas-Fort Worth-Arlington, TX",7189384,3545715,3364458,43.4068215,0.0,43.4068215,43.4068215,1962,532.0,479.0,0.555,0,0.0,166,0.346555324,313,0.653444676,689,143,312,234,0.20754717,26,15,8,1,2,0,15,8,1,2,0,0,0,0,9,15,2,0.346153846,12.25613813,45.20026881,0.598984194,0.345567804,0.184302829,0.023037854,0.046075707,0.0,0.345567804,0.184302829,0.023037854,0.046075707,0.0,0.0,0.0,0.0,12.85512232,0,0.054279749,0.723232187,0.622958298,0.723232187,0.482154792,0.158120317,0.173606764,0.19138448,9.11797e-06,0.026156942,0.072727273,26.5,8.423e-12,29.08510213,0.0,0.0,29.08510213,147.5012401,0.0,0.0,0.0,176.9307158,29.48845264,158.25,0.0,0.0,2.0,29.48845264,0.001019368,462592,309439,33410,18987,0.000424551,0.838439092,0.000364452,0.857309485,0.000129599,0.045586775,0.000168776,0.048868059,2,8,17,20,14.0,1937.328346,175665.4405
48,481130000000.0,481130000000.0,48,113,18132,3,206.0,"Dallas-Fort Worth, TX-OK",19100.0,"Dallas-Fort Worth-Arlington, TX",7189384,3545715,3364458,271.4353964,0.3736152,271.0617812,270.11851,1268,570.0,570.0,0.68,10,0.01754386,286,0.501754386,274,0.480701754,845,162,309,374,0.191715976,763,13,55,24,601,70,13,55,24,55,70,0,546,0,492,167,104,0.644823067,2.110184896,4.694235874,2.824686098,0.048127024,0.203614332,0.08884989,2.224949338,0.259145514,0.048127024,0.203614332,0.08884989,0.203614332,0.259145514,0.0,2.021335006,0.0,4.934870994,0,1.338596491,0.481478953,0.481478953,0.567019159,0.488574421,0.628534219,0.521814151,0.574146838,0.488311299,0.751354013,0.949004975,1.107470511,0.898103006,23.74377522,3.069365799,1.855787063,18.81862236,103.9160883,4.722170696,9.444341392,33.05519487,75.55473114,14.16651209,-99999.0,0.0,0.0,1.0,2.361085348,0.000788644,281853,238142,-99999,-99999,0.000258675,0.510853135,0.000280479,0.659779133,-99999.0,-99999.0,-99999.0,-99999.0,14,8,15,1,9.0,6139.674533,1098483.84
49,481130000000.0,481130000000.0,48,113,19502,2,206.0,"Dallas-Fort Worth, TX-OK",19100.0,"Dallas-Fort Worth-Arlington, TX",7189384,3545715,3364458,88.2003682,0.0,88.2003682,88.2003682,1425,516.0,516.0,0.56,0,0.0,85,0.164728682,431,0.835271318,476,62,92,322,0.130252101,104,39,7,8,22,28,39,7,8,18,28,0,4,0,54,23,27,0.519230769,5.850315713,16.15639514,1.1791334,0.442175025,0.079364748,0.090702569,0.249432065,0.317458992,0.442175025,0.079364748,0.090702569,0.204080781,0.317458992,0.0,0.045351285,0.0,7.029449113,0,0.201550388,0.887649756,0.887649756,0.853304195,0.735253115,0.386171611,0.562063875,0.618360814,0.35310407,0.136036625,0.35862069,4.576923077,0.027961602,25.79714243,0.843729314,0.0,24.95341311,137.8896738,0.0,0.0,0.0,65.30584982,94.33067197,544.49,0.0,0.0,1.33,9.650753363,0.000933333,447957,288222,119859,44125,0.000411119,0.811913436,0.000339463,0.798527187,0.000464938,0.163543406,0.000392228,0.11356734,7,17,17,15,14.66666667,2802.744455,356941.453
50,481130000000.0,481130000000.0,48,113,19302,2,206.0,"Dallas-Fort Worth, TX-OK",19100.0,"Dallas-Fort Worth-Arlington, TX",7189384,3545715,3364458,91.938497,0.0,91.938497,87.20863,1311,395.0,346.0,0.583,0,0.0,97,0.280346821,249,0.719653179,339,53,65,221,0.156342183,66,0,14,4,23,25,0,14,4,23,25,0,0,0,9,31,26,0.136363636,4.529368252,15.03291589,0.756805834,0.0,0.160534571,0.04586702,0.263735367,0.286668877,0.0,0.160534571,0.04586702,0.263735367,0.286668877,0.0,0.0,0.0,5.286174086,0,0.190751445,0.890066009,0.766661131,0.890066009,0.59337734,0.396196877,0.495977107,0.546280559,0.342758537,0.095860566,0.325925926,5.136363636,0.015980858,28.37007661,0.0,0.0,28.37007661,352.8062896,0.0,0.0,0.0,320.2140666,139.2235072,489.51,0.0,0.13581484,1.33,9.25836323,0.001014493,453388,297999,227727,88391,0.000416104,0.821757019,0.000350978,0.825614642,0.000883363,0.310725513,0.00078571,0.227497581,7,11,20,16,15.0,2719.097225,372072.1382
51,481130000000.0,481130000000.0,48,113,7826,1,206.0,"Dallas-Fort Worth, TX-OK",19100.0,"Dallas-Fort Worth-Arlington, TX",7189384,3545715,3364458,146.2340271,0.0,146.2340271,69.60911,987,633.0,548.0,0.737,17,0.031021898,321,0.585766423,210,0.383211679,738,127,199,412,0.172086721,20,0,0,0,20,0,0,0,0,20,0,0,0,0,3,9,8,0.15,9.093637313,14.17917856,0.287318714,0.0,0.0,0.0,0.287318714,0.0,0.0,0.0,0.0,0.287318714,0.0,0.0,0.0,0.0,9.380956027,0,0.03649635,0.0,0.0,0.0,0.0,0.219887712,0.173024707,0.192625422,0.000162866,0.039721946,0.052770449,36.9,0.0,14.20110296,5.104546982,0.436823352,8.65973263,42.31682682,17.50618547,0.0,0.0,30.63582457,21.88273183,250.79,0.105407175,0.480431124,16.33,71.46900217,0.016545086,364051,259892,294583,138821,0.000334113,0.659835427,0.000306096,0.720038122,0.001142701,0.401948183,0.001233984,0.357292503,3,1,9,18,9.666666667,4365.969851,591801.4881
52,481130000000.0,481130000000.0,48,113,7815,3,206.0,"Dallas-Fort Worth, TX-OK",19100.0,"Dallas-Fort Worth-Arlington, TX",7189384,3545715,3364458,162.821603,0.0,162.821603,77.09944,3083,1221.0,1037.0,0.614,185,0.178399229,625,0.602700096,227,0.218900675,1096,287,559,250,0.261861314,23,0,17,4,2,0,0,17,4,2,0,0,0,0,4,10,9,0.173913043,15.8366909,39.98732027,0.298316045,0.0,0.220494468,0.051881051,0.025940526,0.0,0.0,0.220494468,0.051881051,0.025940526,0.0,0.0,0.0,0.0,16.13500695,0,0.022179364,0.673587646,0.4597951,0.673587646,0.355870387,0.0870184,0.037713057,0.038444907,0.0,0.014810045,0.041108132,47.65217391,0.0,11.00081259,0.0,1.978754604,9.022057982,82.58363603,0.0,0.0,0.0,117.9204703,3.930682343,135.45,0.0,0.108839856,7.33,28.81190158,0.002377554,456573,309046,223139,116492,0.000419027,0.82752977,0.000363989,0.856220667,0.000865566,0.304465348,0.0010355,0.299822925,1,5,13,20,12.0,5093.684687,658930.8321
53,481130000000.0,481130000000.0,48,113,7815,2,206.0,"Dallas-Fort Worth, TX-OK",19100.0,"Dallas-Fort Worth-Arlington, TX",7189384,3545715,3364458,123.1400611,0.0,123.1400611,123.14006,2123,857.0,732.0,0.649,107,0.146174863,420,0.573770492,205,0.280054645,975,277,472,226,0.284102564,2895,197,23,149,1827,699,197,20,149,1274,699,0,553,3,888,874,1133,0.306735751,6.959554835,17.24053082,23.50981476,1.59980432,0.186779185,1.210004283,14.83676393,5.676463045,1.59980432,0.162416682,1.210004283,10.34594266,5.676463045,0.0,4.490821265,0.024362502,30.46936959,0,3.954918033,0.626064255,0.626064255,0.718234782,0.672113317,0.729545703,0.583108508,0.638400552,0.401760596,0.846153846,0.503875969,0.336787565,0.515193647,17.33092051,0.0,8.504596837,8.826323669,72.78346234,0.0,10.39466757,15.59200136,51.97333786,15.59200136,159.59,0.126695754,0.787339993,33.67,174.9942286,0.015859633,456322,308517,294070,172046,0.000418797,0.827074837,0.000363366,0.854755058,0.001140711,0.401248213,0.001529321,0.442805815,17,14,12,20,15.83333333,4333.316511,498340.9085
54,481130000000.0,481130000000.0,48,113,13615,1,206.0,"Dallas-Fort Worth, TX-OK",19100.0,"Dallas-Fort Worth-Arlington, TX",7189384,3545715,3364458,55.8774643,0.0,55.8774643,55.8774643,1741,1083.0,1015.0,0.706,130,0.128078818,616,0.606896552,269,0.265024631,797,203,328,266,0.254705144,17,0,0,2,15,0,0,0,2,10,0,0,5,0,4,7,6,0.235294118,19.38169553,31.15746253,0.304237141,0.0,0.0,0.035792605,0.268444536,0.0,0.0,0.0,0.035792605,0.178963024,0.0,0.0,0.089481512,0.0,19.68593267,0,0.016748768,0.522559375,0.225054073,0.840916049,0.444273468,0.081868147,0.095390944,0.104315606,1.24593e-10,0.019340159,0.041769042,46.88235294,0.0,10.96500922,0.0,3.862249003,7.102760213,22.91872074,0.0,11.45363355,0.0,22.90726711,0.0,426.48,0.0,0.0,4.67,53.4884687,0.002682366,468012,303795,197352,98314,0.000429525,0.848262737,0.000357804,0.841672623,0.000765537,0.26927989,0.000873916,0.253037042,1,7,7,16,9.0,1972.074869,226132.5611
55,481130000000.0,481130000000.0,48,113,13726,2,206.0,"Dallas-Fort Worth, TX-OK",19100.0,"Dallas-Fort Worth-Arlington, TX",7189384,3545715,3364458,251.5809114,0.0,251.5809114,202.5208,2144,1115.0,1026.0,0.694,0,0.0,463,0.451267057,563,0.548732943,1127,197,343,587,0.174800355,1058,16,196,97,649,100,16,196,97,386,100,15,248,0,216,321,521,0.20415879,5.505607325,10.58656691,5.224154753,0.079004231,0.967801826,0.478963148,3.204609107,0.493776442,0.079004231,0.967801826,0.478963148,1.905977065,0.493776442,0.074066466,1.224565575,0.0,10.72976208,0,1.031189084,0.69437043,0.69437043,0.815056029,0.762717185,0.703432779,0.603651575,0.65505444,0.572163925,0.660836977,0.968421053,1.065217391,0.936863775,31.39784869,0.0,6.060236445,25.33761224,258.7363232,0.0,20.35130556,17.80739236,295.0939306,30.52695833,-99999.0,0.0,0.0,1.0,2.543913195,0.000466418,412578,272194,-99999,-99999,0.00037865,0.74778968,0.000320585,0.754121161,-99999.0,-99999.0,-99999.0,-99999.0,16,18,20,1,12.66666667,6456.733486,1018133.994
56,481130000000.0,481130000000.0,48,113,13713,1,206.0,"Dallas-Fort Worth, TX-OK",19100.0,"Dallas-Fort Worth-Arlington, TX",7189384,3545715,3364458,136.2405618,0.0,136.2405618,136.2405618,914,260.0,221.0,0.519,11,0.049773756,88,0.398190045,122,0.552036199,442,117,200,125,0.264705882,1014,168,9,485,310,42,168,9,485,114,42,0,196,0,106,403,505,0.104536489,1.908389077,6.708721602,7.442717401,1.233112942,0.066059622,3.559879625,2.275386977,0.308278236,1.233112942,0.066059622,3.559879625,0.836755211,0.308278236,0.0,1.438631766,0.0,9.351106478,0,4.588235294,0.737347285,0.737347285,0.774545816,0.667390629,0.80599478,0.736272977,0.730337865,0.427803813,0.94813278,0.607142857,0.435897436,0.568870443,19.46302623,9.161747544,6.080737522,4.220541165,18.79499002,18.79029245,4.697573113,9.395146226,9.395146226,0.0,-99999.0,0.0,0.0,-99999.0,-99999.0,-99999.0,474865,317356,-99999,-99999,0.000435815,0.860683668,0.000373776,0.879243757,-99999.0,-99999.0,-99999.0,-99999.0,19,14,6,1,7.833333333,3491.78685,551358.5124
57,481130000000.0,481130000000.0,48,113,15206,1,206.0,"Dallas-Fort Worth, TX-OK",19100.0,"Dallas-Fort Worth-Arlington, TX",7189384,3545715,3364458,136.3777023,0.0,136.3777023,136.3777023,2786,668.0,668.0,0.475,0,0.0,239,0.357784431,429,0.642215569,809,204,308,297,0.252163164,99,0,0,1,31,67,0,0,1,14,67,0,17,0,61,27,11,0.616161616,4.89816142,20.42855946,0.725925121,0.0,0.0,0.007332577,0.227309886,0.491282657,0.0,0.0,0.007332577,0.102656078,0.491282657,0.0,0.124653809,0.0,5.624086541,0,0.148203593,0.613711387,0.418923195,0.641861073,0.427907382,0.340222917,0.467652838,0.519653493,0.401900607,0.068630849,0.218061674,8.171717172,0.000768003,18.10013151,0.0,1.892933573,16.20719794,86.07154837,0.0,9.38569853,9.38569853,98.54983456,4.692849265,390.27,0.0,0.0,2.0,9.38569853,0.000717875,385388,275923,77504,42923,0.000353696,0.698508328,0.000324977,0.764452461,0.000300641,0.105751493,0.000381544,0.110473676,6,6,13,17,12.0,3085.917513,551914.5847
58,481130000000.0,481130000000.0,48,113,15206,2,206.0,"Dallas-Fort Worth, TX-OK",19100.0,"Dallas-Fort Worth-Arlington, TX",7189384,3545715,3364458,149.9538705,0.0,149.9538705,149.9538705,1634,389.0,389.0,0.539,29,0.074550129,60,0.154241645,300,0.771208226,768,168,303,297,0.21875,7,0,5,0,2,0,0,5,0,2,0,0,0,0,4,3,0,0.571428571,2.594131106,10.89668439,0.046681022,0.0,0.033343587,0.0,0.013337435,0.0,0.0,0.033343587,0.0,0.013337435,0.0,0.0,0.0,0.0,2.640812129,0,0.017994859,0.863120569,0.371725796,0.863120569,0.287706856,0.090504854,0.054455395,0.060624252,0.0,0.008531383,0.018064516,109.7142857,0.0,17.89949938,0.0,1.790368756,16.10913062,96.77642832,0.0,21.33989599,4.267979198,85.35958397,21.33989599,403.68,0.0,0.0,2.0,8.535958397,0.00122399,365980,260679,33251,18949,0.000335884,0.663331702,0.000307023,0.722218528,0.000128982,0.045369825,0.000168438,0.048770256,1,3,14,16,10.66666667,3195.798607,606854.0263
59,481130000000.0,481130000000.0,48,113,15401,5,206.0,"Dallas-Fort Worth, TX-OK",19100.0,"Dallas-Fort Worth-Arlington, TX",7189384,3545715,3364458,183.7000704,0.0,183.7000704,183.7000704,708,287.0,287.0,0.614,0,0.0,97,0.337979094,190,0.662020906,333,58,108,167,0.174174174,707,110,11,79,6,501,110,11,79,0,501,6,0,0,265,240,202,0.374823197,1.562329287,3.854108485,3.848664829,0.598802166,0.059880217,0.430048828,0.032661936,2.727271682,0.598802166,0.059880217,0.430048828,0.0,2.727271682,0.032661936,0.0,0.0,5.410994116,0,2.463414634,0.549061816,0.549061816,0.549061816,0.424960686,0.686222903,0.404683499,0.431024175,0.418827638,0.999293286,0.640384615,0.471004243,0.589196369,14.00450895,5.819584775,4.079688875,4.1052353,26.72181883,0.0,10.45181962,0.0,24.38757911,3.483939873,-99999.0,0.0,0.0,-99999.0,-99999.0,-99999.0,352659,261298,-99999,-99999,0.000323658,0.639187646,0.000307752,0.723933485,-99999.0,-99999.0,-99999.0,-99999.0,16,6,7,1,6.333333333,4489.252714,743424.9912
60,481130000000.0,481130000000.0,48,113,14702,2,206.0,"Dallas-Fort Worth, TX-OK",19100.0,"Dallas-Fort Worth-Arlington, TX",7189384,3545715,3364458,115.1619434,0.0,115.1619434,115.1619434,394,184.0,148.0,0.668,0,0.0,28,0.189189189,120,0.810810811,336,65,122,149,0.193452381,16,0,0,0,16,0,0,0,0,1,0,0,15,0,6,9,1,0.375,1.597750043,3.421269113,0.138934786,0.0,0.0,0.0,0.138934786,0.0,0.0,0.0,0.0,0.008683424,0.0,0.0,0.130251362,0.0,1.736684829,0,0.108108108,0.0,0.0,0.337290067,0.112430022,0.461216041,0.303331289,0.337693492,0.102053503,0.07804878,0.090909091,21.0,2.06115e-09,14.05823484,0.0,0.187905046,13.8703298,44.4758038,0.0,0.0,0.0,50.01652308,11.11478291,689.34,0.0,0.0,2.0,11.11478291,0.005076142,427444,286993,22256,15360,0.000392293,0.774734018,0.000338015,0.795122208,8.6332e-05,0.030367532,0.000136535,0.039533016,9,2,9,14,9.5,2827.400759,466054.5312
61,481130000000.0,481130000000.0,48,113,5000,1,206.0,"Dallas-Fort Worth, TX-OK",19100.0,"Dallas-Fort Worth-Arlington, TX",7189384,3545715,3364458,112.4688005,0.0,112.4688005,112.4688005,839,189.0,153.0,0.513,7,0.045751634,0,0.0,146,0.954248366,420,111,199,110,0.264285714,1997,94,258,282,1171,192,94,258,282,222,192,718,231,0,381,766,850,0.190786179,1.680466042,7.459846609,17.75603537,0.835787344,2.293969517,2.507362031,10.41177638,1.707140106,0.835787344,2.293969517,2.507362031,1.973880747,1.707140106,6.383992688,2.05390294,0.0,19.43650141,0,13.05228758,0.759783736,0.759783736,0.910275894,0.851822503,0.77713641,0.496782505,0.520346501,0.381017318,0.59167842,0.347538271,0.210315473,0.453987994,33.28495063,3.60570232,12.58462852,17.09461979,134.6819734,11.38093404,0.0,51.21420318,22.76186808,68.28560424,411.72,0.0,0.159305859,8.33,47.40159027,0.009928486,400689,285537,197907,76711,0.000367739,0.726241096,0.0003363,0.791088319,0.00076769,0.270037168,0.000681886,0.197436016,18,20,17,16,17.33333333,3163.360284,455154.4437
62,481130000000.0,481130000000.0,48,113,5000,2,206.0,"Dallas-Fort Worth, TX-OK",19100.0,"Dallas-Fort Worth-Arlington, TX",7189384,3545715,3364458,84.8398082,0.0,84.8398082,84.07282,1264,412.0,375.0,0.663,0,0.0,148,0.394666667,227,0.605333333,441,89,223,129,0.201814059,213,27,36,4,35,111,27,36,4,8,111,3,24,0,80,95,38,0.375586854,4.900513626,15.03458549,2.533517967,0.321150165,0.42820022,0.047577802,0.416305769,1.320284011,0.321150165,0.42820022,0.047577802,0.095155604,1.320284011,0.035683352,0.285466813,0.0,7.434031593,0,0.568,0.791168648,0.791168648,0.722481388,0.676087227,0.622828391,0.654117417,0.724949361,0.68938531,0.288422478,0.651376147,2.070422535,0.342863615,25.1935241,0.0,6.017486471,19.17603763,158.4539179,0.0,0.0,30.17451423,113.1544284,52.80539991,258.84,0.0,0.4334633,5.67,42.77237392,0.004485759,376298,268999,200420,73349,0.000345353,0.682032878,0.000316822,0.745269323,0.000777438,0.273466068,0.000652001,0.188783021,14,15,18,18,16.83333333,2393.699963,343343.4325
63,481130000000.0,481130000000.0,48,113,5000,3,206.0,"Dallas-Fort Worth, TX-OK",19100.0,"Dallas-Fort Worth-Arlington, TX",7189384,3545715,3364458,152.6586271,0.0,152.6586271,144.29053,1624,581.0,535.0,0.627,101,0.188785047,125,0.23364486,309,0.577570093,691,153,324,214,0.221418234,190,4,0,23,160,3,4,0,23,149,3,0,11,0,16,88,86,0.084210526,4.026598281,11.25506989,1.316787734,0.027721847,0.0,0.15940062,1.108873881,0.020791385,0.027721847,0.0,0.15940062,1.032638802,0.020791385,0.0,0.076235079,0.0,5.343386014,0,0.355140187,0.394650679,0.339933592,0.470946847,0.364501571,0.446484041,0.45171708,0.488225199,0.880956456,0.209481808,0.431328036,3.636842105,0.071586977,24.98850856,4.514997689,3.4401563,17.03335457,89.46497332,8.384721023,4.192360512,12.57708153,79.65484972,20.96180256,96.56,0.133412303,0.38569364,18.67,78.27137075,0.011496305,400435,290261,232777,94729,0.000367505,0.725780726,0.000341864,0.804176294,0.000902952,0.317616061,0.000842049,0.243810097,9,5,13,20,13.33333333,4101.815936,617800.1792
64,481130000000.0,481130000000.0,48,113,7902,4,206.0,"Dallas-Fort Worth, TX-OK",19100.0,"Dallas-Fort Worth-Arlington, TX",7189384,3545715,3364458,67.4563232,0.0,67.4563232,67.4563232,623,545.0,309.0,0.815,0,0.0,202,0.653721683,107,0.346278317,387,77,98,212,0.198966408,311,78,12,13,67,141,78,11,13,12,141,0,55,1,113,127,71,0.363344051,8.079301897,9.235605655,4.610390624,1.156303758,0.177892886,0.192717293,0.993235279,2.090241408,1.156303758,0.163068479,0.192717293,0.177892886,2.090241408,0.0,0.815342393,0.014824407,12.68969252,0,1.006472492,0.804338123,0.804338123,0.722983531,0.676557125,0.749261321,0.719281871,0.793533385,0.518254017,0.665952891,0.891117479,1.24437299,0.783195455,23.17321637,2.136895878,4.840958139,16.19536235,243.6041459,18.97524115,37.95048231,18.97524115,227.7028938,47.43810288,197.14,0.0,0.0,3.67,34.81956752,0.005890851,424007,294581,255456,111315,0.000389139,0.768504522,0.000346952,0.816144976,0.000990925,0.348560762,0.000989482,0.286498548,17,15,20,19,18.33333333,2174.444384,272990.4592
65,481130000000.0,481130000000.0,48,113,7914,2,206.0,"Dallas-Fort Worth, TX-OK",19100.0,"Dallas-Fort Worth-Arlington, TX",7189384,3545715,3364458,30.9423562,0.0,30.9423562,30.9423562,935,617.0,573.0,0.866,111,0.193717277,201,0.35078534,261,0.455497382,546,90,110,346,0.164835165,6,0,0,6,0,0,0,0,6,0,0,0,0,0,1,2,3,0.166666667,19.94030435,30.21747904,0.193908956,0.0,0.0,0.193908956,0.0,0.0,0.0,0.0,0.193908956,0.0,0.0,0.0,0.0,0.0,20.13421331,0,0.010471204,0.0,0.0,0.0,0.0,0.083188093,0.007704658,0.0,0.0,0.012752391,0.02173913,91.0,0.0,26.71418457,0.0,3.142964696,23.57121987,165.4896598,0.0,0.0,41.36724404,62.05086606,82.73448807,236.04,0.0,0.459629841,8.0,165.4689761,0.00855615,446769,298467,338493,146364,0.000410029,0.809760209,0.000351529,0.826911249,0.00131303,0.46186184,0.001301033,0.376706406,1,1,18,19,12.66666667,1626.860362,125221.3966
66,481130000000.0,481130000000.0,48,113,7914,1,206.0,"Dallas-Fort Worth, TX-OK",19100.0,"Dallas-Fort Worth-Arlington, TX",7189384,3545715,3364458,180.5623946,0.0,180.5623946,180.5623946,2047,1400.0,1053.0,0.874,45,0.042735043,473,0.449192783,535,0.508072175,1083,187,202,694,0.172668513,5013,444,944,580,2283,762,444,922,580,2099,762,54,130,22,1237,1257,2519,0.246758428,7.753552466,11.33680136,27.76325608,2.458983782,5.228109663,3.212186022,12.64382877,4.220147842,2.458983782,5.106268124,3.212186022,11.62479045,4.220147842,0.299065595,0.719972729,0.121841539,35.51680855,0,4.760683761,0.884282907,0.884282907,0.766487056,0.766487056,0.914005878,0.678484457,0.730005913,0.406060809,0.579886686,0.355314961,0.2160383,0.456593537,32.89172945,6.840826515,8.018367806,18.03253513,133.5595934,7.088962255,28.35584902,14.17792451,124.0568395,17.72240564,362.1,0.274738928,0.757316677,45.67,161.8764531,0.022310699,417881,277857,371548,165306,0.000383517,0.757401265,0.000327255,0.769810662,0.001441251,0.506964229,0.001469409,0.425458645,20,18,17,17,17.66666667,4821.244199,730730.7158
67,481130000000.0,481130000000.0,48,113,7906,1,206.0,"Dallas-Fort Worth, TX-OK",19100.0,"Dallas-Fort Worth-Arlington, TX",7189384,3545715,3364458,113.3212955,0.0,113.3212955,113.3212955,825,351.0,320.0,0.572,0,0.0,29,0.090625,291,0.909375,394,45,66,283,0.114213198,62,0,42,0,18,2,0,42,0,17,2,0,1,0,3,10,49,0.048387097,3.097387816,7.280185038,0.547116936,0.0,0.370627602,0.0,0.158840401,0.017648933,0.0,0.370627602,0.0,0.150015934,0.017648933,0.0,0.008824467,0.0,3.644504752,0,0.19375,0.667810543,0.455851614,0.574161058,0.382774039,0.405791676,0.340229088,0.378771175,0.02811566,0.139797069,0.271929825,6.35483871,0.004725232,20.73707257,0.0,2.710151089,18.02692148,71.55018802,0.0,11.29531739,5.647658696,28.23829348,39.53361087,488.17,0.0,0.0,3.33,18.80670346,0.004036364,458844,302479,319577,184342,0.000421111,0.831645914,0.000356254,0.838026608,0.001239654,0.43605162,0.001638621,0.474452818,7,5,12,16,11.33333333,2974.997723,458607.161
68,481130000000.0,481130000000.0,48,113,7912,1,206.0,"Dallas-Fort Worth, TX-OK",19100.0,"Dallas-Fort Worth-Arlington, TX",7189384,3545715,3364458,77.6192991,0.0,77.6192991,77.6192991,927,624.0,564.0,0.948,0,0.0,299,0.530141844,265,0.469858156,751,117,204,430,0.155792277,2642,3,418,463,1508,250,3,418,463,1143,250,295,70,0,330,834,1478,0.124905375,8.039237757,11.94290609,34.03792653,0.038650182,5.385258626,5.965011349,19.42815791,3.22084846,0.038650182,5.385258626,5.965011349,14.72571916,3.22084846,3.800601183,0.901837569,0.0,42.07716429,0,4.684397163,0.713164224,0.713164224,0.786883446,0.736353705,0.787507389,0.504599867,0.523230295,0.408135139,0.519473242,0.442676098,0.284254353,0.488827483,35.12286854,15.03188857,11.73110217,8.359877802,71.47913038,41.22686029,8.245372059,24.73611618,49.47223235,8.245372059,347.35,0.0,0.0,5.0,41.22686029,0.005393743,473687,316660,315935,132290,0.000434734,0.858548565,0.000372956,0.877315469,0.001225526,0.431082239,0.001175929,0.34048325,18,17,12,17,15.5,2306.420609,314119.7916
69,481130000000.0,481130000000.0,48,113,7911,1,206.0,"Dallas-Fort Worth, TX-OK",19100.0,"Dallas-Fort Worth-Arlington, TX",7189384,3545715,3364458,49.2868131,0.0,49.2868131,49.2868131,1815,1383.0,1106.0,0.841,46,0.04159132,681,0.615732369,379,0.342676311,1353,168,300,885,0.124168514,58,0,55,0,3,0,0,55,0,2,0,1,0,0,7,18,33,0.120689655,28.06024397,36.82526595,1.176785358,0.0,1.11591715,0.0,0.060868208,0.0,0.0,1.11591715,0.0,0.040578805,0.0,0.020289403,0.0,0.0,29.23702933,0,0.05244123,0.29367631,0.126479502,0.215257061,0.11372479,0.189468192,0.063948907,0.071193215,0.0,0.061932728,0.082211198,23.32758621,2.01026e-10,23.08601855,0.098748216,0.129307636,22.8579627,121.2429781,0.0,0.0,0.0,142.8373952,25.97043549,305.78,0.0,0.0,6.67,86.61140235,0.003674931,458391,307786,317668,113606,0.000420695,0.83082486,0.000362505,0.852729801,0.001232248,0.433446857,0.001009847,0.292395042,3,2,16,18,12.16666667,1853.998065,199460.7629
70,481130000000.0,481130000000.0,48,113,7911,2,206.0,"Dallas-Fort Worth, TX-OK",19100.0,"Dallas-Fort Worth-Arlington, TX",7189384,3545715,3364458,54.5552322,0.0,54.5552322,54.5552322,1004,709.0,671.0,0.928,0,0.0,431,0.642324888,240,0.357675112,746,91,132,523,0.121983914,71,0,53,5,13,0,0,53,5,3,0,0,10,0,10,19,42,0.14084507,12.99600371,18.40336773,1.301433376,0.0,0.97149252,0.091650238,0.238290618,0.0,0.0,0.97149252,0.091650238,0.054990143,0.0,0.0,0.183300475,0.0,14.29743708,0,0.105812221,0.65169627,0.44485191,0.587806003,0.391870669,0.277005269,0.171347021,0.184991716,6.76434e-06,0.132093023,0.17380661,10.50704225,7.43266e-05,17.12203841,13.7169068,3.139382626,0.265748988,0.0,0.0,0.0,0.0,0.0,0.0,264.2,0.0,0.0,9.0,105.5810739,0.008964143,433979,293619,314807,125735,0.000398291,0.78657858,0.000345819,0.813479728,0.00122115,0.429543123,0.001117662,0.323612226,4,5,1,18,7.833333333,3023.609778,220781.2268
71,481130000000.0,481130000000.0,48,113,7912,2,206.0,"Dallas-Fort Worth, TX-OK",19100.0,"Dallas-Fort Worth-Arlington, TX",7189384,3545715,3364458,48.4918924,0.0,48.4918924,48.4918924,844,468.0,443.0,0.813,22,0.0496614,248,0.559819413,173,0.390519187,550,87,145,318,0.158181818,1417,57,430,50,261,619,57,430,50,140,619,0,121,0,382,406,629,0.269583627,9.651097881,17.40497139,29.2213797,1.175454229,8.867461729,1.031100201,5.382343049,12.76502049,1.175454229,8.867461729,1.031100201,2.887080563,12.76502049,0.0,2.495262486,0.0,38.87247758,0,3.198645598,0.79688441,0.79688441,0.786779507,0.67793184,0.851696613,0.603882027,0.663497028,0.419144963,0.746572313,0.55922725,0.388143966,0.542343327,54.35527095,10.24183435,13.97775827,30.13567833,347.6902873,26.39616515,79.18849544,26.39616515,343.1501469,39.59424772,535.11,0.0,0.0,13.33,175.9304407,0.015793839,447330,297420,329276,125215,0.000410544,0.81077701,0.000350296,0.824010506,0.001277276,0.449285566,0.001113039,0.322273869,20,15,20,15,17.5,1722.793815,196243.4034
72,481130000000.0,481130000000.0,48,113,9301,3,206.0,"Dallas-Fort Worth, TX-OK",19100.0,"Dallas-Fort Worth-Arlington, TX",7189384,3545715,3364458,251.0123343,0.0,251.0123343,251.0123343,1708,491.0,475.0,0.574,4,0.008421053,114,0.24,357,0.751578947,712,184,323,205,0.258426966,70,11,1,36,22,0,11,1,36,19,0,0,3,0,10,28,32,0.142857143,1.956079176,6.804446502,0.278870758,0.043822548,0.003983868,0.143419247,0.087645095,0.0,0.043822548,0.003983868,0.143419247,0.075693492,0.0,0.0,0.011951604,0.0,2.234949934,0,0.147368421,0.762651912,0.656912601,0.734692697,0.568634538,0.322600817,0.318508501,0.319081785,0.014549041,0.078740157,0.179028133,10.17142857,0.000103968,20.52347341,0.0,7.244168087,13.27930532,115.6201351,0.0,25.49675504,30.59610605,79.03994063,15.29805302,0.0,0.163762828,0.42022702,18.67,47.60244166,0.010930913,312304,240565,21847,34493,0.000286622,0.566044986,0.000283333,0.666492123,8.47455e-05,0.029809466,0.000306609,0.088776844,5,10,15,20,14.16666667,4417.868379,1015831.164
73,481130000000.0,481130000000.0,48,113,9402,1,206.0,"Dallas-Fort Worth, TX-OK",19100.0,"Dallas-Fort Worth-Arlington, TX",7189384,3545715,3364458,228.0836782,0.0,228.0836782,228.0836782,1366,794.0,685.0,0.52,40,0.058394161,210,0.306569343,435,0.635036496,837,102,167,568,0.121863799,312,2,0,14,253,43,2,0,14,121,43,52,80,0,94,135,83,0.301282051,3.481178514,5.989030038,1.367919013,0.008768712,0.0,0.061380981,1.10924202,0.1885273,0.008768712,0.0,0.061380981,0.530507053,0.1885273,0.227986502,0.350748465,0.0,4.849097527,0,0.455474453,0.443454751,0.381971132,0.814689166,0.701980314,0.505650952,0.549866212,0.605669283,0.795895338,0.371871275,0.54308094,2.682692308,0.185872875,20.53334182,0.0,2.403050289,18.13029153,74.8525284,0.0,8.417963158,8.417963158,70.14969298,14.0299386,590.09,0.0,0.0,3.0,8.417963158,0.002196193,404107,263250,590810,290710,0.000370875,0.732436155,0.000310051,0.729341556,0.002291778,0.806139547,0.002584129,0.748218955,10,16,12,15,13.33333333,4236.04023,923044.1059
74,481130000000.0,481130000000.0,48,113,9304,2,206.0,"Dallas-Fort Worth, TX-OK",19100.0,"Dallas-Fort Worth-Arlington, TX",7189384,3545715,3364458,119.91763,0.0,119.91763,119.91763,1903,767.0,569.0,0.372,256,0.449912127,224,0.393673111,89,0.156414763,744,278,314,152,0.373655914,13,0,2,0,11,0,0,2,0,11,0,0,0,0,0,3,10,0.0,6.396057027,15.86922623,0.108407746,0.0,0.016678115,0.0,0.091729631,0.0,0.0,0.016678115,0.0,0.091729631,0.0,0.0,0.0,0.0,6.504464773,0,0.0228471,0.619382195,0.266753392,0.619382195,0.206460732,0.106123714,0.117470169,0.130777513,3.98771e-08,0.013569937,0.034346103,57.23076923,0.0,17.42816983,4.233343566,0.776881297,12.41794497,51.61409544,0.0,0.0,0.0,69.38095758,5.336996737,447.93,0.0,0.0,5.0,26.68498368,0.00262743,278002,218032,13230,24475,0.000255141,0.503873271,0.000256794,0.604063811,5.13198e-05,0.018051872,0.000217559,0.062992876,2,2,10,16,9.333333333,2796.906658,485300.418
75,481130000000.0,481130000000.0,48,113,9304,3,206.0,"Dallas-Fort Worth, TX-OK",19100.0,"Dallas-Fort Worth-Arlington, TX",7189384,3545715,3364458,39.444573,0.0,39.444573,39.444573,948,372.0,346.0,0.611,91,0.26300578,178,0.514450867,77,0.222543353,318,109,149,60,0.342767296,0,0,0,0,0,0,0,0,0,0,0,0,0,0,0,0,0,0.0,9.430955179,24.03372449,0.0,0.0,0.0,0.0,0.0,0.0,0.0,0.0,0.0,0.0,0.0,0.0,0.0,0.0,9.430955179,0,0.0,0.0,0.0,0.0,0.0,0.0,0.0,0.0,0.367879441,0.0,1.0,0.0,0.0,18.67333087,5.07697103,0.0,13.59635984,86.5781967,0.0,0.0,0.0,129.8023939,0.0,383.56,0.0,0.0,4.0,64.90119693,0.004219409,294253,230888,13227,23954,0.000270055,0.533327896,0.000271936,0.639681722,5.13081e-05,0.018047778,0.000212928,0.061651945,1,1,13,17,10.33333333,1624.744765,159629.7255
76,481130000000.0,481130000000.0,48,113,9401,2,206.0,"Dallas-Fort Worth, TX-OK",19100.0,"Dallas-Fort Worth-Arlington, TX",7189384,3545715,3364458,132.7935168,0.0,132.7935168,132.7935168,1166,453.0,436.0,0.601,0,0.0,93,0.213302752,343,0.786697248,606,98,184,324,0.161716172,5,0,4,0,1,0,0,4,0,1,0,0,0,0,0,1,4,0.0,3.411311116,8.780549142,0.037652441,0.0,0.030121952,0.0,0.007530488,0.0,0.0,0.030121952,0.0,0.007530488,0.0,0.0,0.0,0.0,3.448963557,0,0.01146789,0.721928095,0.310917507,0.721928095,0.240642698,0.061656002,0.031298463,0.03484404,0.0,0.00853971,0.016366612,121.2,0.0,20.22796378,0.0,2.359233564,17.86873022,89.98029639,0.0,9.639024787,14.45853718,38.55609915,43.37561154,510.97,0.0,0.0,1.0,4.819512394,0.000857633,416670,271997,263974,100067,0.000382405,0.755206351,0.000320353,0.753575367,0.001023967,0.360183275,0.000889498,0.25754885,1,3,13,15,10.0,3285.579921,537408.1507
77,483550000000.0,483550000000.0,48,355,3601,2,204.0,"Corpus Christi-Kingsville-Alice, TX",18580.0,"Corpus Christi, TX",427532,175189,172043,131.0252692,0.0,131.0252692,131.0252692,977,473.0,454.0,0.663,70,0.154185022,173,0.381057269,211,0.464757709,576,124,199,253,0.215277778,85,5,28,28,24,0,5,28,28,24,0,0,0,0,9,36,40,0.105882353,3.609990675,7.456576933,0.648729825,0.038160578,0.213699237,0.213699237,0.183170774,0.0,0.038160578,0.213699237,0.213699237,0.183170774,0.0,0.0,0.0,0.0,4.2587205,0,0.18722467,0.905515373,0.779968488,0.905515373,0.603676915,0.393800273,0.327877899,0.335223594,0.017878706,0.16007533,0.257186082,6.776470588,0.003099636,13.68431284,0.114877517,1.048688741,12.52074658,65.15506552,0.0,0.0,0.0,83.03741764,9.769107958,556.56,0.0,0.0,2.0,9.769107958,0.002047083,26919,25196,7818,5957,0.002674908,0.469979224,0.002670429,0.499494479,0.001055555,0.091856517,0.000926941,0.077056411,7,12,11,15,11.83333333,3208.932285,530253.6295
78,481130000000.0,481130000000.0,48,113,9500,1,206.0,"Dallas-Fort Worth, TX-OK",19100.0,"Dallas-Fort Worth-Arlington, TX",7189384,3545715,3364458,338.8613263,0.0,338.8613263,327.59937,993,476.0,433.0,0.66,0,0.0,128,0.295612009,305,0.704387991,475,61,83,331,0.128421053,570,152,20,0,354,44,152,20,0,17,44,325,12,0,139,151,280,0.243859649,1.452994247,3.03114136,1.739930086,0.463981356,0.061050178,0.0,1.080588159,0.134310393,0.463981356,0.061050178,0.0,0.051892652,0.134310393,0.9920654,0.036630107,0.0,3.192924333,0,1.316397229,0.69506616,0.598697403,0.655277889,0.564622923,0.76509912,0.670568703,0.746532572,0.492996792,0.729366603,0.909090909,0.833333333,0.846481725,22.65589814,0.0,5.266276746,17.3896214,132.2565797,0.0,22.66413841,18.88678201,124.6527612,15.1094256,932.08,0.0,0.0,2.0,3.777356401,0.002014099,414393,269764,113468,42945,0.000380316,0.751079332,0.000317723,0.747388777,0.000440147,0.154823111,0.000381739,0.110530298,18,10,17,13,14.66666667,4963.401665,1371351.539
79,484220000000.0,484220000000.0,48,421,950200,2,,,,,0,0,0,684.9668833,0.0,684.9668833,675.87621,1718,702.0,585.0,0.59,20,0.034188034,201,0.343589744,364,0.622222222,454,89,184,181,0.196035242,611,115,51,197,248,0,115,17,197,20,0,177,51,34,104,256,251,0.170212766,1.038651738,2.541885592,0.904011698,0.170149501,0.075457605,0.291473493,0.366931098,0.0,0.170149501,0.025152535,0.291473493,0.029591218,0.0,0.261882276,0.075457605,0.05030507,1.942663435,0,1.044444444,0.903529063,0.778257574,0.831395649,0.778007556,0.828117836,0.635239085,0.654373901,0.668827267,0.0,0.0,0.74304419,0.77340239,21.68525515,0.726100145,2.936382679,18.02277233,134.2523299,2.803055223,18.68703482,18.68703482,32.70231094,81.28860147,-99999.0,0.0,0.0,-99999.0,-99999.0,-99999.0,1159,1045,-99999,-99999,0.0,0.0,0.0,0.0,-99999.0,-99999.0,-99999.0,-99999.0,19,18,17,1,12.16666667,8560.072731,2772020.395
80,481130000000.0,481130000000.0,48,113,12400,1,206.0,"Dallas-Fort Worth, TX-OK",19100.0,"Dallas-Fort Worth-Arlington, TX",7189384,3545715,3364458,86.4111171,0.0,86.4111171,86.4111171,1682,555.0,555.0,0.793,62,0.111711712,268,0.482882883,225,0.405405405,413,72,138,203,0.17433414,0,0,0,0,0,0,0,0,0,0,0,0,0,0,0,0,0,0.0,6.422784691,19.46508802,0.0,0.0,0.0,0.0,0.0,0.0,0.0,0.0,0.0,0.0,0.0,0.0,0.0,0.0,6.422784691,0,0.0,0.0,0.0,0.0,0.0,0.0,0.0,0.0,0.367879441,0.0,1.0,0.0,0.0,22.8827172,0.0,3.082141882,19.80057532,108.6526863,0.0,0.0,22.21936325,74.06454418,37.03227209,952.2,0.0,0.0,3.0,22.21936325,0.001783591,307207,245506,85018,38291,0.000281944,0.556806771,0.000289152,0.680181303,0.000329789,0.116004082,0.00034037,0.098552,1,1,15,13,9.666666667,2984.513274,349704.7109
81,481130000000.0,481130000000.0,48,113,12400,4,206.0,"Dallas-Fort Worth, TX-OK",19100.0,"Dallas-Fort Worth-Arlington, TX",7189384,3545715,3364458,182.6214789,0.0,182.6214789,182.6214789,1183,598.0,464.0,0.633,15,0.032327586,79,0.170258621,370,0.797413793,581,118,147,316,0.203098107,60,11,0,2,47,0,11,0,2,19,0,28,0,0,18,16,26,0.3,3.274532676,6.477879859,0.328548429,0.060233879,0.0,0.010951614,0.257362936,0.0,0.060233879,0.0,0.010951614,0.104040336,0.0,0.1533226,0.0,0.0,3.603081105,0,0.129310345,0.560412963,0.38254136,0.825359395,0.550239596,0.307529625,0.373295844,0.412745115,0.135733211,0.096540628,0.187207488,9.683333333,0.000169386,21.61643224,0.624318796,3.221546272,17.77056717,107.5045505,0.0,3.504516576,14.01806631,94.62194756,28.03613261,449.28,0.0,0.0,7.33,25.6881065,0.006196112,306130,240023,225408,94916,0.000280956,0.55485473,0.000282695,0.664990497,0.000874368,0.307561319,0.000843711,0.244291391,5,10,15,16,12.83333333,3890.73543,739057.5753
82,481130000000.0,481130000000.0,48,113,12400,5,206.0,"Dallas-Fort Worth, TX-OK",19100.0,"Dallas-Fort Worth-Arlington, TX",7189384,3545715,3364458,115.6282211,0.0,115.6282211,115.33736,503,262.0,224.0,0.744,0,0.0,86,0.383928571,138,0.616071429,310,61,69,180,0.196774194,71,3,2,10,56,0,3,2,10,56,0,0,0,0,49,13,9,0.690140845,2.271596992,4.361119415,0.615585444,0.026010653,0.017340435,0.086702175,0.485532181,0.0,0.026010653,0.017340435,0.086702175,0.485532181,0.0,0.0,0.0,0.0,2.887182436,0,0.316964286,0.503140855,0.433381943,0.503140855,0.335427237,0.447195473,0.437069308,0.470340564,0.706154501,0.24738676,0.372703412,4.366197183,0.034520664,18.7279812,0.0,1.502575407,17.22540579,90.44158857,0.0,0.0,0.0,110.6996188,16.60494282,561.93,0.0,0.0,4.33,23.96646747,0.00860835,308173,241207,103225,55805,0.000282831,0.558557628,0.000284089,0.668270803,0.000400414,0.140846896,0.000496052,0.143628904,9,4,13,15,11.5,3178.711531,467941.6702
83,481130000000.0,481130000000.0,48,113,12400,6,206.0,"Dallas-Fort Worth, TX-OK",19100.0,"Dallas-Fort Worth-Arlington, TX",7189384,3545715,3364458,107.9043693,0.0,107.9043693,107.9043693,1027,394.0,394.0,0.58,29,0.073604061,131,0.33248731,234,0.593908629,454,98,136,220,0.215859031,58,19,5,3,19,12,19,5,3,13,12,0,6,0,27,22,9,0.465517241,3.651381335,9.51768688,0.537512988,0.176081841,0.046337327,0.027802396,0.176081841,0.111209584,0.176081841,0.046337327,0.027802396,0.120477049,0.111209584,0.0,0.055604792,0.0,4.188894323,0,0.147208122,0.883314459,0.883314459,0.907454674,0.781912101,0.31566774,0.490594898,0.541721813,0.164146687,0.106912442,0.2265625,7.827586207,0.00108347,18.50626136,0.0,3.719397842,14.78686352,55.37347597,0.0,5.931177803,17.79353341,41.51824462,5.931177803,343.33,0.0,0.0,6.0,35.58706682,0.005842259,299801,241722,222971,91680,0.000275147,0.543383539,0.000284696,0.669697625,0.000864915,0.304236118,0.000814946,0.235962691,5,18,10,17,12.83333333,2750.931,436683.2857
84,481130000000.0,481130000000.0,48,113,12500,1,206.0,"Dallas-Fort Worth, TX-OK",19100.0,"Dallas-Fort Worth-Arlington, TX",7189384,3545715,3364458,149.8468762,0.0,149.8468762,149.8468762,1666,648.0,542.0,0.611,13,0.02398524,262,0.483394834,267,0.492619926,742,182,319,241,0.245283019,101,29,7,0,1,64,29,7,0,1,64,0,0,0,49,42,10,0.485148515,4.324414472,11.11801622,0.674021391,0.193530895,0.046714354,0.0,0.006673479,0.427102664,0.193530895,0.046714354,0.0,0.006673479,0.427102664,0.0,0.0,0.0,4.998435863,0,0.186346863,0.633398151,0.545579471,0.633398151,0.422265434,0.355847521,0.481946718,0.536542969,0.480882423,0.114318053,0.239620403,7.346534653,0.001752811,29.61802422,0.0,11.07183164,18.54619258,150.9594366,0.0,25.62615983,29.89718647,123.8597725,21.35513319,454.64,0.0,0.0,3.0,12.81307992,0.00180072,311111,252572,56594,31346,0.000285527,0.563882696,0.000297475,0.699757856,0.000219531,0.07722053,0.000278635,0.080677209,6,6,18,16,13.33333333,3579.263199,606420.9918
85,481130000000.0,481130000000.0,48,113,12500,4,206.0,"Dallas-Fort Worth, TX-OK",19100.0,"Dallas-Fort Worth-Arlington, TX",7189384,3545715,3364458,112.4710244,0.0,112.4710244,112.4710244,1466,428.0,428.0,0.585,0,0.0,107,0.25,321,0.75,640,131,286,223,0.2046875,0,0,0,0,0,0,0,0,0,0,0,0,0,0,0,0,0,0.0,3.805424573,13.03446828,0.0,0.0,0.0,0.0,0.0,0.0,0.0,0.0,0.0,0.0,0.0,0.0,0.0,0.0,3.805424573,0,0.0,0.0,0.0,0.0,0.0,0.0,0.0,0.0,0.367879441,0.0,1.0,0.0,0.0,18.22535573,0.0,1.516219913,16.70913582,49.32399282,0.0,5.690354502,11.380709,17.0710635,22.76141801,626.3,0.0,0.0,1.67,9.502892018,0.001139154,288293,233976,58323,22997,0.000264585,0.522525511,0.000275573,0.648237113,0.000226238,0.07957969,0.000204421,0.059188853,1,1,9,14,8.0,3398.895302,455165.148
86,481130000000.0,481130000000.0,48,113,13714,3,206.0,"Dallas-Fort Worth, TX-OK",19100.0,"Dallas-Fort Worth-Arlington, TX",7189384,3545715,3364458,91.2597133,0.0,91.2597133,91.2597133,2077,456.0,456.0,0.506,0,0.0,176,0.385964912,280,0.614035088,794,157,395,242,0.197732997,63,0,0,0,45,18,0,0,0,36,18,0,9,0,27,29,7,0.428571429,4.996728387,22.75922118,0.690337474,0.0,0.0,0.0,0.493098196,0.197239278,0.0,0.0,0.0,0.394478557,0.197239278,0.0,0.098619639,0.0,5.687065861,0,0.138157895,0.863120569,0.371725796,0.86991553,0.459594498,0.402600898,0.45159344,0.502751187,0.269123083,0.058878505,0.147024504,12.6031746,9.13704e-06,19.75401261,0.0,2.086280685,17.66773193,72.49288608,0.0,14.02590424,0.0,63.11656909,21.03885636,645.08,0.0,0.0,1.67,11.71163004,0.000804044,399952,268724,196708,74343,0.000367062,0.724905298,0.000316498,0.744507428,0.000763039,0.268401175,0.000660837,0.191341343,7,7,12,14,11.0,3102.560138,369323.15
87,481130000000.0,481130000000.0,48,113,13717,1,206.0,"Dallas-Fort Worth, TX-OK",19100.0,"Dallas-Fort Worth-Arlington, TX",7189384,3545715,3364458,173.6685517,0.0,173.6685517,104.09327,2084,587.0,564.0,0.529,24,0.042553191,227,0.40248227,313,0.554964539,836,192,350,294,0.229665072,10,0,8,1,1,0,0,8,1,1,0,0,0,0,0,3,7,0.0,5.639173407,20.02050661,0.09606769,0.0,0.076854152,0.009606769,0.009606769,0.0,0.0,0.076854152,0.009606769,0.009606769,0.0,0.0,0.0,0.0,5.735241097,0,0.017730496,0.581671866,0.397052819,0.581671866,0.307309365,0.07138468,0.033064643,0.035025502,0.0,0.009551098,0.023640662,83.6,0.0,15.16307847,0.0,1.03295502,14.13012345,95.85523595,0.0,0.0,0.0,121.6109641,14.74072292,898.55,0.047380354,0.186851078,11.0,40.53698802,0.005278311,430544,297142,41095,10224,0.000395138,0.780352709,0.000349968,0.823240299,0.000159409,0.056072688,9.08814e-05,0.026314164,1,4,14,13,9.833333333,3619.632232,702830.2864
88,484391000000.0,484391000000.0,48,439,100400,2,206.0,"Dallas-Fort Worth, TX-OK",19100.0,"Dallas-Fort Worth-Arlington, TX",7189384,3545715,3364458,99.096984,0.0,99.096984,99.096984,821,249.0,202.0,0.438,23,0.113861386,50,0.247524752,129,0.638613861,461,109,201,151,0.236442516,139,88,26,1,24,0,88,26,1,14,0,0,10,0,38,75,26,0.273381295,2.512689993,8.284813189,1.402666301,0.888018953,0.262369236,0.010091124,0.242186987,0.0,0.888018953,0.262369236,0.010091124,0.141275743,0.0,0.0,0.100911245,0.0,3.915356294,0,0.688118812,0.679324798,0.585138532,0.658002964,0.509278523,0.658528314,0.602544883,0.668871292,0.822894286,0.289583333,0.463333333,3.316546763,0.098613534,26.46260386,0.0,4.824725959,21.6378779,129.1793098,0.0,12.91663932,12.91663932,25.83327864,90.41647524,333.94,0.0,0.0,3.33,21.50620447,0.004056029,203476,173046,39536,20301,0.000186743,0.368796332,0.00020381,0.479428828,0.000153362,0.053945487,0.000180456,0.052249985,15,8,16,17,14.83333333,2593.409075,401041.4206
89,484391000000.0,484391000000.0,48,439,114006,2,206.0,"Dallas-Fort Worth, TX-OK",19100.0,"Dallas-Fort Worth-Arlington, TX",7189384,3545715,3364458,257.7023197,0.0,257.7023197,257.2270323,2482,1087.0,1022.0,0.617,100,0.097847358,284,0.277886497,638,0.624266145,1418,278,435,705,0.196050776,29,0,0,14,15,0,0,0,14,15,0,0,0,0,14,7,8,0.482758621,4.225838903,9.649063621,0.112740872,0.0,0.0,0.054426628,0.058314244,0.0,0.0,0.0,0.054426628,0.058314244,0.0,0.0,0.0,0.0,4.338579775,0,0.028375734,0.999142104,0.430307082,0.999142104,0.333047368,0.132332018,0.102382279,0.103795687,3.39602e-10,0.023098367,0.04008293,48.89655172,0.0,23.88063861,0.0,1.735145689,22.14549292,131.671923,0.0,4.9669712,4.9669712,136.591708,32.2853128,-99999.0,0.0,0.0,-99999.0,-99999.0,-99999.0,180081,160064,-99999,-99999,0.000165272,0.326393345,0.00018852,0.44346183,-99999.0,-99999.0,-99999.0,-99999.0,2,4,17,1,7.0,4158.568419,1042907.519
90,481130000000.0,481130000000.0,48,113,18124,4,206.0,"Dallas-Fort Worth, TX-OK",19100.0,"Dallas-Fort Worth-Arlington, TX",7189384,3545715,3364458,690.9425026,115.6914787,575.2510239,426.804408,1009,363.0,363.0,0.712,22,0.060606061,0,0.0,341,0.939393939,763,158,195,410,0.207077326,42,1,2,2,37,0,1,2,2,19,0,18,0,0,24,12,6,0.571428571,0.85050668,2.364080551,0.098405732,0.002342994,0.004685987,0.004685987,0.086690764,0.0,0.002342994,0.004685987,0.004685987,0.044516879,0.0,0.042173885,0.0,0.0,0.948912411,0,0.115702479,0.353899491,0.304832429,0.684038029,0.529429039,0.238607162,0.318323452,0.350731995,0.091926269,0.079923882,0.104347826,18.16666667,3.50438e-08,8.794931079,0.803685848,1.697525131,6.2937201,26.34091791,1.112557776,2.225115553,2.225115553,28.92650219,3.337673329,-99999.0,0.0,0.0,-99999.0,-99999.0,-99999.0,187736,172020,-99999,-99999,0.000172298,0.340267885,0.000202602,0.476586266,-99999.0,-99999.0,-99999.0,-99999.0,4,9,7,1,4.833333333,8097.229926,2796208.475
91,481130000000.0,481130000000.0,48,113,13718,2,206.0,"Dallas-Fort Worth, TX-OK",19100.0,"Dallas-Fort Worth-Arlington, TX",7189384,3545715,3364458,123.7899341,0.0,123.7899341,123.78993,1823,482.0,482.0,0.551,6,0.012448133,170,0.352697095,306,0.634854772,580,146,260,174,0.251724138,151,0,15,11,125,0,0,15,11,97,0,0,28,0,16,34,101,0.105960265,3.89369313,14.72656136,1.219808429,0.0,0.121173023,0.088860217,1.009775189,0.0,0.0,0.121173023,0.088860217,0.783585547,0.0,0.0,0.226189642,0.0,5.113501559,0,0.313278008,0.524879125,0.358285742,0.733591144,0.489060762,0.495532581,0.403844873,0.440231743,0.708218557,0.152988855,0.413132695,3.841059603,0.058363791,14.71659733,0.0,3.00473229,11.71186504,39.64393418,0.0,5.170048798,10.3400976,15.51014639,15.51014639,403.68,0.0,0.0,3.33,17.2162625,0.001826659,405641,280987,137627,50701,0.000372283,0.735216501,0.000330941,0.778482415,0.000533861,0.18778722,0.000450683,0.130492413,10,8,8,16,11.0,3038.011454,500971.9623
92,481130000000.0,481130000000.0,48,113,15403,3,206.0,"Dallas-Fort Worth, TX-OK",19100.0,"Dallas-Fort Worth-Arlington, TX",7189384,3545715,3364458,92.9624794,0.0,92.9624794,92.9624794,1782,624.0,533.0,0.522,43,0.080675422,245,0.459662289,245,0.459662289,778,178,322,278,0.228791774,24,6,3,11,4,0,6,3,11,4,0,0,0,0,1,9,14,0.041666667,6.712385513,19.16902401,0.258168674,0.064542168,0.032271084,0.118327309,0.043028112,0.0,0.064542168,0.032271084,0.118327309,0.043028112,0.0,0.0,0.0,0.0,6.970554187,0,0.045028143,0.910847702,0.784561507,0.910847702,0.607231801,0.144177035,0.131952004,0.132635056,3.64988e-09,0.026578073,0.059850374,32.41666667,2.3e-14,24.18013681,0.0,1.62127809,22.55885872,105.5944297,0.0,0.0,6.884497962,96.38297147,34.42248981,-99999.0,0.0,0.0,-99999.0,-99999.0,-99999.0,343767,260707,-99999,-99999,0.000315497,0.623071067,0.000307056,0.722296103,-99999.0,-99999.0,-99999.0,-99999.0,2,12,15,1,7.666666667,2657.575351,376213.2502
93,481130000000.0,481130000000.0,48,113,15500,2,206.0,"Dallas-Fort Worth, TX-OK",19100.0,"Dallas-Fort Worth-Arlington, TX",7189384,3545715,3364458,244.0799438,0.0,244.0799438,244.0799438,1117,317.0,287.0,0.587,0,0.0,39,0.135888502,248,0.864111498,567,142,211,214,0.250440917,604,40,9,69,431,55,40,9,69,315,55,50,66,0,329,164,111,0.544701987,1.298754806,4.576369458,2.474599062,0.163880733,0.036873165,0.282694264,1.765814894,0.225336007,0.163880733,0.036873165,0.282694264,1.290560769,0.225336007,0.204850916,0.270403209,0.0,3.773353868,0,2.104529617,0.589835471,0.589835471,0.768884828,0.719510869,0.709901702,0.5547794,0.596070588,0.444076518,0.70191749,0.968403074,0.938741722,0.940580277,23.90246237,2.347826493,8.684854209,12.86978167,109.2809167,0.0,23.59882549,31.46510066,57.68601787,23.59882549,-99999.0,0.0,0.0,-99999.0,-99999.0,-99999.0,356406,270231,-99999,-99999,0.000327097,0.645979011,0.000318273,0.748682614,-99999.0,-99999.0,-99999.0,-99999.0,16,16,15,1,10.66666667,5618.815473,987777.6477
94,481130000000.0,481130000000.0,48,113,15500,3,206.0,"Dallas-Fort Worth, TX-OK",19100.0,"Dallas-Fort Worth-Arlington, TX",7189384,3545715,3364458,220.5453985,0.0,220.5453985,220.5453985,1675,537.0,513.0,0.605,15,0.029239766,153,0.298245614,345,0.67251462,702,185,248,269,0.263532764,333,1,63,91,104,74,1,63,91,17,74,78,9,0,84,104,145,0.252252252,2.434872836,7.594808195,1.509893211,0.004534214,0.285655472,0.41261346,0.47155824,0.335531825,0.004534214,0.285655472,0.41261346,0.077081635,0.335531825,0.35366868,0.040807925,0.0,3.944766048,0,0.649122807,0.860331092,0.860331092,0.827703487,0.774552486,0.678305421,0.666312626,0.704681702,0.843643722,0.331673307,0.643478261,2.108108108,0.330183041,20.27197516,0.0,2.561128196,17.71084696,135.4576437,0.0,11.60758745,23.2151749,95.76259647,40.62655608,-99999.0,0.0,0.0,-99999.0,-99999.0,-99999.0,350291,264170,-99999,-99999,0.000321485,0.634895692,0.000311135,0.731890442,-99999.0,-99999.0,-99999.0,-99999.0,16,18,17,1,11.66666667,4465.021669,892537.0141
95,484391000000.0,484391000000.0,48,439,113408,4,206.0,"Dallas-Fort Worth, TX-OK",19100.0,"Dallas-Fort Worth-Arlington, TX",7189384,3545715,3364458,304.4516629,0.0,304.4516629,297.37796,1182,496.0,446.0,0.629,0,0.0,189,0.423766816,257,0.576233184,627,138,217,272,0.220095694,650,87,5,273,285,0,87,5,273,285,0,0,0,0,151,231,268,0.232307692,1.667911099,3.974739755,2.185770593,0.292556987,0.01681362,0.918023649,0.958376337,0.0,0.292556987,0.01681362,0.918023649,0.958376337,0.0,0.0,0.0,0.0,3.853681692,0,1.457399103,0.744769812,0.641509798,0.744769812,0.496513208,0.800307945,0.594620404,0.590348889,0.56766457,0.709606987,0.981989037,0.964615385,0.965234101,13.84934329,3.345322651,0.353505849,10.15051478,37.85113174,6.306419816,0.0,0.0,37.8385189,12.61283963,-99999.0,0.0,0.0,-99999.0,-99999.0,-99999.0,294680,242721,-99999,-99999,0.000270447,0.534101825,0.000285872,0.672465382,-99999.0,-99999.0,-99999.0,-99999.0,19,8,8,1,7.5,5485.076594,1232097.754
96,484391000000.0,484391000000.0,48,439,110302,5,206.0,"Dallas-Fort Worth, TX-OK",19100.0,"Dallas-Fort Worth-Arlington, TX",7189384,3545715,3364458,108.2288116,0.0,108.2288116,107.9782048,793,283.0,283.0,0.565,0,0.0,144,0.508833922,139,0.491166078,359,75,152,132,0.208913649,45,5,3,31,6,0,5,3,31,1,0,0,5,0,8,18,19,0.177777778,2.620899288,7.344074683,0.41675077,0.046305641,0.027783385,0.287094975,0.055566769,0.0,0.046305641,0.027783385,0.287094975,0.009261128,0.0,0.0,0.046305641,0.0,3.037650058,0,0.159010601,0.68532223,0.590304439,0.627631028,0.485771372,0.329420805,0.252599186,0.229751883,0.000562967,0.107398568,0.222772277,7.977777778,0.000932373,19.28899063,0.0,3.718791641,15.57019899,106.4707247,0.0,23.65359059,17.74019295,65.04737413,29.56698824,1133.25,0.0,0.0,-99999.0,-99999.0,-99999.0,267430,219160,39087,13841,0.000245438,0.484711725,0.000258123,0.607188967,0.00015162,0.053332842,0.000123033,0.035623469,6,8,15,13,11.66666667,2993.821771,437996.3217
97,484391000000.0,484391000000.0,48,439,105800,3,206.0,"Dallas-Fort Worth, TX-OK",19100.0,"Dallas-Fort Worth-Arlington, TX",7189384,3545715,3364458,98.9961672,0.0,98.9961672,98.9961672,1048,303.0,303.0,0.507,0,0.0,126,0.415841584,177,0.584158416,344,87,139,118,0.252906977,141,37,0,0,7,97,37,0,0,7,97,0,0,0,76,53,12,0.539007092,3.060724557,10.58626843,1.424297566,0.373751844,0.0,0.0,0.070709808,0.979835914,0.373751844,0.0,0.0,0.070709808,0.979835914,0.0,0.0,0.0,4.485022123,0,0.465346535,0.689476169,0.470640704,0.689476169,0.364264624,0.624376265,0.577417458,0.642828897,0.69817542,0.237174096,0.581443299,2.439716312,0.236994982,21.88323315,2.889222416,5.675322156,13.31868857,77.61108553,6.464896754,38.78938052,12.92979351,58.18407079,0.0,309.8,0.0,0.0,2.67,17.26127433,0.00254771,195185,187965,33962,18229,0.000179134,0.353769054,0.000221382,0.520762339,0.00013174,0.046339959,0.000162038,0.046917145,14,5,12,18,13.16666667,2562.18605,400633.6084
98,484391000000.0,484391000000.0,48,439,104400,3,206.0,"Dallas-Fort Worth, TX-OK",19100.0,"Dallas-Fort Worth-Arlington, TX",7189384,3545715,3364458,72.7815753,0.0,72.7815753,72.78158,461,168.0,168.0,0.633,42,0.25,38,0.226190476,88,0.523809524,226,45,83,98,0.199115044,143,34,57,29,0,23,34,57,29,0,23,0,0,0,34,76,33,0.237762238,2.308276352,6.334020229,1.964782848,0.467151167,0.783165191,0.398452466,0.0,0.316014024,0.467151167,0.783165191,0.398452466,0.0,0.316014024,0.0,0.0,0.0,4.2730592,0,0.851190476,0.956257902,0.823675724,0.956257902,0.637505268,0.807398817,0.682803761,0.722207581,0.941745373,0.473509934,0.775067751,1.58041958,0.559663493,17.07409505,0.0,0.465844916,16.60825013,70.35626776,0.0,0.0,8.793434291,26.38030287,43.96717146,347.35,0.0,0.0,6.0,52.76060575,0.013015184,220753,194437,119278,46357,0.000202599,0.400110561,0.000229004,0.538693197,0.000462685,0.162750652,0.000412069,0.119311981,19,13,11,17,14.66666667,2726.671685,294542.769
99,481130000000.0,481130000000.0,48,113,15600,1,206.0,"Dallas-Fort Worth, TX-OK",19100.0,"Dallas-Fort Worth-Arlington, TX",7189384,3545715,3364458,408.671277,0.0,408.671277,408.671277,1715,475.0,442.0,0.603,22,0.049773756,44,0.099547511,376,0.850678733,738,159,352,227,0.215447154,110,0,4,3,69,34,0,4,3,64,34,0,5,0,35,55,20,0.318181818,1.162303364,4.196526882,0.26916499,0.0,0.009787818,0.007340863,0.168839857,0.083196451,0.0,0.009787818,0.007340863,0.156605085,0.083196451,0.0,0.012234772,0.0,1.431468353,0,0.248868778,0.63060344,0.543172238,0.644492998,0.498822133,0.418533162,0.549097933,0.608103476,0.709308274,0.120547945,0.259433962,6.709090909,0.003315685,20.77908877,11.08931278,2.584246929,7.105529061,41.25134539,9.396305089,6.264203393,0.0,29.75496612,17.22655933,-99999.0,0.0,0.0,-99999.0,-99999.0,-99999.0,365101,268423,-99999,-99999,0.000335077,0.661738532,0.000316144,0.743673499,-99999.0,-99999.0,-99999.0,-99999.0,8,8,9,1,6.0,7992.479149,1653869.964
100,481130000000.0,481130000000.0,48,113,15600,3,206.0,"Dallas-Fort Worth, TX-OK",19100.0,"Dallas-Fort Worth-Arlington, TX",7189384,3545715,3364458,151.1211709,0.0,151.1211709,151.1211709,1967,456.0,456.0,0.629,22,0.048245614,101,0.221491228,333,0.730263158,587,144,252,191,0.245315162,272,79,0,161,9,23,79,0,161,8,23,0,1,0,43,99,130,0.158088235,3.017446181,13.01604526,1.799880178,0.522759316,0.0,1.065370253,0.059554859,0.15219575,0.522759316,0.0,1.065370253,0.052937652,0.15219575,0.0,0.006617207,0.0,4.817326359,0,0.596491228,0.714967548,0.615839526,0.623011122,0.482195676,0.640707757,0.627708529,0.621240872,0.602172374,0.24296561,0.633294529,2.158088235,0.314086066,19.87926831,0.0,3.765260387,16.11400793,112.973185,0.0,50.82014621,8.470024368,67.76019494,25.4100731,-99999.0,0.0,0.0,-99999.0,-99999.0,-99999.0,336056,250809,-99999,-99999,0.000308421,0.609095028,0.000295398,0.694873415,-99999.0,-99999.0,-99999.0,-99999.0,14,8,15,1,9.0,3424.269032,611579.6509
